STATE,ST_CASE,VE_TOTAL,VE_FORMS,PVH_INVL,PEDS,PERNOTMVIT,PERMVIT,PERSONS,COUNTY,CITY,DAY,MONTH,YEAR,DAY_WEEK,HOUR,MINUTE,NHS,RUR_URB,FUNC_SYS,RD_OWNER,ROUTE,TWAY_ID,TWAY_ID2,MILEPT,LATITUDE,LONGITUD,SP_JUR,HARM_EV,MAN_COLL,RELJCT1,RELJCT2,TYP_INT,WRK_ZONE,REL_ROAD,LGT_COND,WEATHER1,WEATHER2,WEATHER,SCH_BUS,RAIL,NOT_HOUR,NOT_MIN,ARR_HOUR,ARR_MIN,HOSP_HR,HOSP_MN,CF1,CF2,CF3,FATALS,DRUNK_DR
13,130205,2,2,0,0,0,2,2,103,0,1,3,2016,3,8,6,0,1,3,1,3,SR-17,MARLOW RD,99,32.26890556,-81.389222220000,0,12,6,0,2,2,0,1,1,1,0,1,0,0000000,8,6,8,13,88,88,0,0,0,1,0
13,130206,2,2,0,0,0,2,2,115,4760,1,3,2016,3,12,11,1,2,3,1,3,SR-1 LOOP,BLACKS BLUFF,58,34.19601389,-85.272811110000,0,12,6,0,2,2,0,1,1,1,0,1,0,0000000,12,11,12,19,12,50,0,0,0,1,0
13,130207,1,1,0,1,1,1,1,153,5790,1,3,2016,3,23,52,1,2,3,1,3,SR-247 CO / WATSON BLVD,AUSTIN AVE,36,32.61829444,-83.656516670000,0,8,0,0,3,3,0,1,2,2,0,2,0,0000000,99,99,99,99,99,99,0,0,0,1,0
13,130208,2,2,0,0,0,2,2,157,2810,1,3,2016,3,11,30,0,2,4,1,3,SR-53,,42,34.10495000,-83.761927780000,0,12,2,0,1,1,0,1,1,10,0,10,0,0000000,99,98,99,98,88,88,0,0,0,1,1
13,130209,4,4,0,0,0,5,5,169,0,2,3,2016,4,20,46,1,1,3,1,3,SR-22,,147,33.02788056,-83.456752780000,0,12,1,0,1,1,0,1,2,1,0,1,0,0000000,20,46,20,56,21,48,0,0,0,1,0
13,130210,2,2,0,1,1,3,3,31,0,3,3,2016,5,15,11,1,1,3,1,2,US-25 / SR-67,,321,32.60807500,-81.905244440000,0,12,1,0,1,1,0,1,1,1,0,1,1,0000000,99,99,99,99,99,99,0,0,0,1,0
13,130211,1,1,0,0,0,1,1,39,0,3,3,2016,5,5,56,0,1,4,1,2,US-17 / SR-25,,202,31.02888056,-81.730600000000,0,1,0,0,1,1,0,4,2,1,0,1,0,0000000,99,99,99,99,99,99,0,0,0,1,0
13,130212,3,3,0,0,0,3,3,39,3010,3,3,2016,5,6,19,1,1,3,1,3,SR-40,SPRINGHILL RD,48,30.80885000,-81.831313890000,0,12,6,0,2,2,1,1,3,1,0,1,1,0000000,99,99,99,99,99,99,0,0,0,1,0
13,130214,2,2,0,0,0,4,4,213,0,3,3,2016,5,19,8,0,1,5,1,3,SR-225,,41,34.94949167,-84.776986110000,0,12,2,0,1,1,0,1,2,10,0,10,0,0000000,99,99,99,99,99,99,0,0,0,1,0
13,130215,1,1,0,0,0,2,2,1,0,4,3,2016,6,6,43,0,1,5,2,4,CR-BEN CARTER RD,,36,31.85330000,-82.314033330000,0,34,0,0,1,1,0,4,4,10,0,10,0,0000000,99,99,99,99,99,99,0,0,0,1,0
13,130216,2,2,0,0,0,5,5,31,0,4,3,2016,6,17,50,0,1,5,2,4,CR-BROOKLET DENMARK RD,RUSHING RD,144,32.36913889,-81.676847220000,0,12,6,0,2,2,0,1,5,10,0,10,0,0000000,99,99,99,99,99,99,0,0,0,1,0
13,130217,1,1,0,0,0,1,1,63,1250,4,3,2016,6,14,53,1,2,1,1,1,I-285 RAMP,,5,33.61783611,-84.456888890000,0,42,0,0,5,1,0,6,1,1,0,1,0,0000000,99,98,99,98,88,88,0,0,0,1,0
13,130218,1,1,0,0,0,1,1,89,0,4,3,2016,6,8,38,0,2,6,2,4,CR-S INDIAN CREEK DR,,8,33.75798333,-84.221647220000,0,16,0,0,1,1,0,1,1,10,0,10,0,0000000,99,99,99,99,99,99,0,0,0,1,0
13,130219,3,3,0,0,0,5,5,89,0,5,3,2016,7,8,47,1,2,3,1,3,SR-155 / SNAPFINGER RD,,0,33.66038611,-84.191508330000,0,12,8,0,1,1,0,1,1,1,0,1,0,0000000,99,99,99,99,99,99,0,0,0,1,0
13,130220,3,3,0,0,0,6,6,135,3100,5,3,2016,7,20,46,1,2,3,1,3,SR-124,JACKSON ST,12,33.95648611,-83.985722220000,0,12,6,0,2,99,0,1,3,1,0,1,0,0000000,20,50,20,51,21,19,0,0,0,1,0
13,130221,1,1,0,0,0,1,1,279,0,5,3,2016,7,18,20,0,1,7,2,4,CR-19 / CHARLIE HART RD,,17,32.02286667,-82.258683330000,0,1,0,0,1,1,0,4,2,1,0,1,0,0000000,99,98,99,98,88,88,0,0,0,1,1
13,130222,2,2,0,0,0,3,3,297,0,5,3,2016,7,9,30,1,2,3,1,3,SR-138,,60,33.77064444,-83.796738890000,0,12,6,0,1,1,0,1,1,1,0,1,0,0000000,99,99,99,99,99,99,0,0,0,1,0
13,130223,2,2,0,0,0,2,2,297,0,5,3,2016,7,21,33,1,1,1,1,1,I-20,,7,33.60840000,-83.693938890000,0,12,6,0,1,1,0,1,2,1,0,1,0,0000000,99,99,99,99,99,99,0,0,0,1,0
13,130224,2,2,0,0,0,2,2,89,0,6,3,2016,1,3,54,1,2,3,1,2,US-23 / CLAIRMONT RD,,182,33.82422778,-84.306905560000,0,12,2,0,1,1,0,1,3,1,0,1,0,0000000,3,56,4,5,4,23,0,0,0,1,1
13,130225,1,1,0,0,0,1,1,185,0,6,3,2016,1,3,4,0,2,4,1,2,US-41 / INNER PERIMETER RD,,178,30.79810000,-83.238200000000,0,32,0,0,1,1,0,3,2,1,0,1,0,0000000,99,99,99,99,88,88,0,0,0,1,1
13,130226,1,1,0,0,0,2,2,255,2510,6,3,2016,1,17,55,0,2,4,4,6,POPLAR POINTE,POPLAR POINTE TERR,6,33.23936389,-84.312552780000,0,53,0,0,3,3,0,4,1,1,0,1,0,0000000,17,55,17,59,18,19,0,0,0,1,1
13,130227,2,2,0,0,0,2,2,295,0,6,3,2016,1,15,41,0,1,4,1,3,SR-136,,239,34.68491944,-85.183327780000,0,12,7,0,1,1,0,1,1,1,0,1,0,0000000,99,98,99,98,88,88,0,0,0,1,0
13,130228,1,1,0,0,0,1,1,21,3390,7,3,2016,2,20,54,0,2,6,4,3,SR-247 / PIERCE AVE,OLD HOLTON RD,146,32.86508611,-83.661563890000,0,42,0,0,1,1,0,4,3,1,0,1,0,0000000,21,3,21,10,21,15,0,0,0,1,0
13,130229,1,1,0,1,1,1,1,89,1750,7,3,2016,2,6,0,0,2,4,4,6,TILLY MILL RD,,7,33.92224444,-84.281116670000,0,8,0,0,1,1,0,1,2,1,0,1,0,0000000,99,99,99,99,99,99,0,0,0,1,0
13,130230,1,1,0,1,1,1,1,105,0,7,3,2016,2,19,4,1,1,3,1,3,SR-72,,179,34.07998889,-82.749763890000,0,8,0,0,1,1,0,1,5,1,0,1,0,0000000,99,99,99,99,99,99,0,0,0,1,1
13,130231,2,2,0,0,0,2,2,297,0,7,3,2016,2,15,42,0,1,5,2,4,CR-SNOWS MILL RD,JONES WOODS RD,16,33.83156389,-83.584727780000,0,12,6,0,2,3,0,1,1,1,0,1,0,0000000,99,98,99,98,88,88,0,0,0,1,0
13,130232,3,3,0,0,0,3,3,299,5850,7,3,2016,2,9,33,1,2,3,1,2,US-84 / SR-38,AVA ST,197,31.21753333,-82.348958330000,0,12,6,0,2,2,0,1,1,1,0,1,0,0000000,99,98,99,98,88,88,0,0,0,1,0
13,130233,2,2,0,0,0,2,2,59,270,8,3,2016,3,15,47,0,2,4,4,6,NEWTON BRIDGE RD,KATHWOOD DR,22,33.98941944,-83.398122220000,0,1,0,0,2,3,0,1,1,10,0,10,0,0000000,99,99,99,99,16,40,0,0,0,1,0
13,130234,2,2,0,0,0,2,2,121,280,8,3,2016,3,18,18,0,2,4,1,3,SR-139 / R D ABERNATHY BLVD,,99,33.73838611,-84.423372220000,0,12,6,0,8,1,0,1,1,1,0,1,0,0000000,99,99,99,99,99,99,0,0,0,1,0
13,130235,1,1,0,0,0,1,1,311,0,8,3,2016,3,18,26,0,1,7,2,4,CR-MAY WHITE RD,,19,34.51471111,-83.681119440000,0,34,0,0,1,1,0,4,5,1,0,1,0,0000000,99,99,99,99,99,99,0,0,0,1,0
13,130236,2,2,0,0,0,2,2,51,4910,9,3,2016,4,16,55,0,2,4,4,6,HARMON ST,E MAUPAS AVE,2,32.05043333,-81.087111110000,0,12,6,0,2,2,0,1,1,1,0,1,0,0000000,99,99,99,99,99,99,0,0,0,1,0
13,130237,2,2,0,0,0,2,2,89,0,9,3,2016,4,12,35,1,2,1,1,1,I-285,,78,33.86505833,-84.248675000000,0,12,6,0,1,1,0,1,1,1,0,1,0,0000000,99,98,99,98,88,88,0,0,0,1,0
13,130239,2,2,0,0,0,3,3,213,0,9,3,2016,4,11,23,0,1,5,1,3,SR-225,,41,34.94955833,-84.776941670000,0,34,0,0,1,1,0,4,1,1,0,1,0,0000000,99,98,99,98,88,88,14,0,0,1,0
13,130240,1,1,0,0,0,2,2,221,0,9,3,2016,4,13,1,0,1,7,2,4,CR-MEYER FARM RD,,6,33.91930000,-83.210702780000,0,42,0,0,1,1,0,4,1,1,0,1,0,0000000,99,99,99,99,99,99,0,0,0,1,0
13,130241,1,1,0,1,1,2,2,97,1770,10,3,2016,5,13,40,1,2,3,1,3,SR-5,STEWART PKWY,123,33.71843889,-84.764900000000,0,8,0,0,3,3,0,1,1,1,0,1,0,0000000,13,47,13,57,14,34,0,0,0,1,0
13,130242,2,1,1,0,1,3,4,189,0,10,3,2016,5,16,49,1,1,1,1,1,I-20,,38,33.50744722,-82.535925000000,0,14,0,0,1,1,0,4,1,1,0,1,0,0000000,99,99,99,99,99,99,0,0,0,1,0
13,130243,2,2,0,0,0,2,2,155,0,11,3,2016,6,4,25,0,1,3,1,2,US-319 / SR-35,,79,31.58185000,-83.283969440000,0,12,2,0,1,1,0,1,2,1,0,1,0,0000000,99,99,99,99,88,88,0,0,0,2,0
13,130244,2,2,0,0,0,3,3,185,5680,11,3,2016,6,21,21,0,2,4,4,6,N FORREST ST,,0,30.85392500,-83.266072220000,0,12,2,0,1,1,0,1,3,1,0,1,0,0000000,21,21,21,25,21,45,0,0,0,1,1
13,130245,2,2,0,0,0,2,2,285,0,11,3,2016,6,5,10,0,2,4,1,3,SR-109,,50,33.03012222,-85.150508330000,0,12,2,0,1,1,0,1,2,10,0,10,0,0000000,99,98,99,98,88,88,0,0,0,1,0
13,130246,2,2,0,0,0,3,3,63,4690,12,3,2016,7,18,45,1,2,3,1,3,SR-138,,32,33.54306667,-84.400438890000,0,12,6,0,8,1,0,1,3,1,0,1,0,0000000,99,99,99,99,99,99,0,0,0,1,0
13,130247,1,1,0,0,0,1,1,121,280,12,3,2016,7,3,24,1,2,1,1,1,I-75,,169,99.99990000,999.999900000000,0,1,0,0,1,1,0,1,3,1,0,1,0,0000000,3,25,3,31,3,40,0,0,0,1,0
13,130248,2,2,0,0,0,3,3,299,0,12,3,2016,7,19,30,1,1,3,1,2,US-1 / SR-4,,30,31.03995000,-82.159033330000,0,12,2,0,1,1,0,1,2,1,0,1,0,0000000,99,99,99,99,99,99,0,0,0,1,1
13,130249,2,2,0,0,0,2,2,299,0,12,3,2016,7,22,15,0,1,5,2,4,CR-TELMORE DIXIE UNION RD,,58,31.33998056,-82.481950000000,0,12,2,0,1,1,0,1,2,1,0,1,0,0000000,99,99,99,99,99,99,0,0,0,2,2
13,130250,1,1,0,0,0,1,1,127,0,13,3,2016,1,16,15,1,2,1,1,1,I-95,,43,31.17213056,-81.550127780000,0,38,0,0,1,1,0,4,1,2,0,2,0,0000000,99,98,99,98,88,88,0,0,0,1,0
13,130251,2,1,1,0,3,1,4,137,380,13,3,2016,1,11,50,1,2,3,1,2,US-23 / SR-365,,46,34.49761389,-83.574900000000,0,14,0,0,1,1,0,4,1,10,0,10,0,0000000,99,99,99,99,99,99,0,0,0,2,1
13,130252,1,1,0,0,0,3,3,145,0,13,3,2016,1,4,5,0,1,4,1,3,SR-103,,89,32.81365833,-85.103938890000,0,42,0,0,1,1,0,4,2,10,0,10,0,0000000,99,99,99,99,99,99,0,0,0,1,1
13,130253,1,1,0,0,0,1,1,159,0,13,3,2016,1,0,28,0,1,4,1,3,SR-83,,189,33.36524722,-83.625583330000,0,24,0,0,1,1,0,4,2,10,0,10,0,0000000,99,98,99,98,88,88,0,0,0,1,0
13,130254,1,1,0,1,1,1,1,51,4910,14,3,2016,2,7,10,1,2,3,4,6,OGECHEE RD,,105,32.05335000,-81.144019440000,0,8,0,0,1,1,0,1,3,1,0,1,0,0000000,7,10,7,18,7,28,0,0,0,1,0
13,130255,1,1,0,0,0,1,1,67,0,14,3,2016,2,12,6,1,2,3,1,3,SR-120 / ROSWELL RD,ROBINSON RD,158,33.97800000,-84.440619440000,0,59,0,0,3,3,0,4,1,10,0,10,0,0000000,99,99,99,99,99,99,0,0,0,1,0
13,130256,2,2,0,0,0,2,2,121,9997,14,3,2016,2,22,56,0,2,4,1,3,SR-9,CREEK CLUB DR,294,34.12600278,-84.266366670000,0,12,2,0,3,3,0,1,2,10,0,10,0,0000000,22,56,23,6,23,31,0,0,0,1,0
13,130257,1,1,0,0,0,1,1,145,0,14,3,2016,2,19,20,0,1,4,1,2,US-27 / SR-1,,50,32.66743889,-84.858688890000,0,30,0,0,1,1,0,4,1,1,0,1,0,0000000,99,98,99,98,88,88,0,0,0,1,0
13,130258,1,1,0,1,1,0,0,161,0,15,3,2016,3,18,42,0,1,7,2,4,CR-MARY CORNISH RD,KIRKLAND STILL RD,0,31.84376111,-82.694125000000,0,8,0,0,3,3,0,1,2,1,0,1,0,0000000,99,99,99,99,99,99,23,0,0,1,0
13,130259,1,1,0,0,0,1,1,59,270,16,3,2016,4,19,10,0,2,4,4,6,DANIELSVILLE RD,,29,33.99577500,-83.353955560000,0,42,0,0,1,1,0,4,1,1,0,1,0,0000000,99,98,99,98,88,88,0,0,0,1,0
13,130260,3,3,0,0,0,4,4,121,280,16,3,2016,4,1,10,1,2,1,1,1,I-285,,543,33.65208056,-84.367211110000,0,12,1,0,1,1,0,1,2,1,0,1,0,0000000,99,99,99,99,99,99,0,0,0,1,2
13,130261,1,1,0,0,0,1,1,143,0,16,3,2016,4,17,30,0,1,5,1,3,SR-100,,27,33.69687778,-85.263933330000,0,34,0,0,1,1,0,4,1,1,0,1,0,0000000,99,98,99,98,88,88,0,0,0,1,0
13,130262,2,2,0,0,0,2,2,89,0,11,2,2016,5,14,16,0,2,7,2,4,CR-BREEZY LANE,,2,33.81655833,-84.325983330000,0,12,6,0,8,1,0,1,1,1,0,1,0,0000000,14,16,14,25,14,55,0,0,0,1,0
13,130263,2,2,0,0,0,2,2,63,0,12,2,2016,6,15,39,1,2,3,1,3,SR-3,POSTON ROAD,57,33.50517778,-84.352594440000,0,12,1,0,3,2,0,1,1,1,0,1,0,0000000,15,34,15,40,16,0,0,0,0,1,0
13,130264,2,2,0,0,0,3,3,215,1280,19,2,2016,6,16,6,1,2,3,4,3,SR-520,10TH AVENUE,10,32.45085556,-84.979944440000,0,12,2,0,2,4,0,1,1,1,0,1,0,0000000,99,99,99,99,99,99,0,0,0,1,0
13,130265,2,2,0,0,0,4,4,289,0,19,2,2016,6,18,23,1,1,3,1,3,SR-57,RIDGE ROAD,5,32.85092500,-83.484772220000,0,12,6,0,2,2,0,1,1,1,0,1,0,0000000,18,28,18,36,19,22,0,0,0,1,0
13,130266,1,1,0,0,0,2,2,159,3730,16,3,2016,4,20,56,0,1,5,1,3,SR-212,,196,33.26323611,-83.576730560000,0,35,0,0,1,1,0,4,2,1,0,1,0,0000000,99,99,99,99,99,99,0,0,0,1,1
13,130267,2,2,0,0,0,2,2,9,3620,17,3,2016,5,16,48,1,2,3,1,3,SR-49,BLANDY ROAD,89,33.07033056,-83.260405560000,0,12,6,0,2,3,0,1,1,10,0,10,0,0000000,99,99,99,99,88,88,0,0,0,1,0
13,130268,2,2,0,0,0,2,2,15,980,17,3,2016,5,16,12,0,2,4,1,3,SR-113,OLD ALABAMA ROAD,66,34.11679167,-84.868263890000,0,12,6,0,2,3,0,1,1,10,0,10,0,0000000,16,11,16,22,17,8,0,0,0,1,0
13,130269,1,1,0,3,3,1,1,121,4790,17,3,2016,5,16,29,1,2,3,1,3,SR-9,,196,34.02924167,-84.356366670000,0,8,0,0,1,1,0,4,1,1,0,1,0,0000000,99,99,99,99,99,99,0,0,0,2,0
13,130270,1,1,0,0,0,1,1,135,800,17,3,2016,5,15,41,1,2,1,1,1,I-985,,37,34.07433611,-84.002794440000,0,42,0,0,1,1,0,4,1,1,0,1,0,0000000,15,42,15,54,16,3,0,0,0,1,1
13,130271,2,2,0,0,0,3,3,205,360,17,3,2016,5,12,10,1,1,3,1,3,SR-3,BOWLES STREET,236,31.37044444,-84.164147220000,0,12,6,0,2,2,0,1,1,10,0,10,0,0000000,12,11,12,12,12,51,0,0,0,1,0
13,130272,1,1,0,0,0,1,1,303,5430,17,3,2016,5,12,45,0,2,4,4,6,TENNILE OCONEE ROAD,,81,32.92870556,-82.836625000000,0,1,0,0,1,1,0,1,1,1,0,1,0,0000000,99,98,99,98,88,88,0,0,0,1,0
13,130273,2,2,0,0,0,2,2,117,0,18,3,2016,6,3,22,0,2,7,2,4,CR-NORTH OLD ATLANTA ROAD,,10,34.18833333,-84.152272220000,0,1,0,0,1,1,0,4,2,1,0,1,0,0000000,3,27,3,31,88,88,0,0,0,1,0
13,130274,2,2,0,0,0,3,3,121,280,18,3,2016,6,10,38,0,2,6,4,6,MCDANIEL STREET,WHITEHALL STREET,8,33.74358333,-84.403988890000,0,12,6,0,2,2,0,1,1,1,0,1,0,0000000,10,40,10,45,11,4,0,0,0,1,0
13,130275,1,1,0,0,0,1,1,297,890,18,3,2016,6,23,4,0,2,4,1,3,SR-11,,156,33.85446111,-83.722138890000,0,1,0,0,1,1,0,4,2,10,0,10,0,0000000,99,98,99,98,88,88,0,0,0,1,0
13,130276,2,2,0,0,0,4,4,13,0,19,3,2016,7,4,6,1,2,3,2,4,CR-UNIVERSITY PARKWAY,PATRICK MILL ROAD,21,33.96201667,-83.796233330000,0,12,6,0,2,2,0,1,2,1,0,1,0,0000000,4,6,4,14,4,44,0,0,0,2,1
13,130277,4,4,0,0,0,5,5,63,1250,19,3,2016,7,2,11,1,2,1,1,1,I-285,,45,33.60966667,-84.436261110000,0,12,1,0,1,1,0,1,2,10,0,10,0,0000000,99,98,99,98,99,98,0,0,0,1,0
13,130278,1,1,0,0,0,2,2,99,550,19,3,2016,7,11,15,0,1,7,4,6,FRYER ROAD,,32,31.30428889,-84.949391670000,0,1,0,0,1,1,0,1,1,10,0,10,0,0000000,11,20,11,28,11,54,0,0,0,1,0
13,130279,1,1,0,0,0,1,1,139,2285,19,3,2016,7,23,30,0,1,6,4,6,YELLOW CREEK ROAD,,12,34.43300278,-83.931625000000,0,53,0,0,1,1,0,4,2,10,0,10,0,0000000,99,99,99,99,88,88,0,0,0,1,1
13,130280,1,1,0,0,0,2,2,285,3050,19,3,2016,7,4,35,1,2,3,4,3,SR-109,,144,33.04197778,-84.983291670000,0,59,0,0,1,1,0,4,3,10,0,10,0,0000000,4,36,4,48,5,35,0,0,0,1,0
13,130281,2,2,0,0,0,3,3,67,0,20,3,2016,1,14,8,0,2,6,2,4,CR-FREY ROAD,PARLIAMENT GARDEN WAY,7,34.04032778,-84.580252780000,0,12,2,0,2,3,0,1,1,1,0,1,0,0000000,14,9,14,13,14,45,0,0,0,1,0
13,130282,1,1,0,0,0,2,2,129,860,20,3,2016,1,0,15,0,2,4,1,3,SR-3,,12,34.60775278,-84.950675000000,0,59,0,0,1,1,0,4,2,1,0,1,0,0000000,0,36,0,56,1,54,0,0,0,1,1
13,130283,1,1,0,0,0,3,3,233,0,21,3,2016,2,22,58,0,2,6,2,4,CR-ANTIOCH ROAD,,33,33.95756944,-85.222130560000,0,34,0,0,1,1,0,4,2,1,0,1,0,0000000,99,99,99,99,99,99,0,0,0,1,0
13,130284,1,1,0,1,1,2,2,295,0,21,3,2016,2,20,55,0,2,4,1,3,SR-2,HOGAN ROAD,24,34.94866944,-85.292461110000,0,8,0,0,2,2,0,1,2,10,0,10,0,0000000,20,54,20,56,21,14,0,0,0,1,0
13,130285,1,1,0,1,1,1,1,89,0,23,3,2016,4,2,57,1,2,1,1,1,I-20,I-285,71,33.71538611,-84.247725000000,0,8,0,0,1,1,0,1,2,1,0,1,0,0000000,99,98,99,98,88,88,0,0,0,1,0
13,130286,2,2,0,0,0,2,2,139,2160,23,3,2016,4,13,12,0,2,4,4,6,LANIER ISLAND PARKWAY,MCEVER ROAD,24,34.14933056,-83.973002780000,0,12,2,0,2,2,0,1,1,1,0,1,0,0000000,99,99,99,99,99,99,0,0,0,1,0
13,130287,2,2,0,0,0,3,3,15,0,24,3,2016,5,20,49,0,2,4,2,4,CR-GLADE ROAD,,16,34.10019444,-84.683369440000,0,12,2,0,1,1,0,1,2,10,0,10,0,0000000,99,98,99,98,88,88,0,0,0,1,0
13,130288,1,1,0,1,1,2,2,67,3440,24,3,2016,5,1,18,1,2,1,1,1,I-75,,57,33.94471111,-84.510616670000,0,8,0,0,1,1,1,1,2,1,0,1,0,0000000,99,99,99,98,88,88,19,0,0,1,0
13,130289,1,1,0,0,0,1,1,89,0,24,3,2016,5,17,47,0,2,7,4,6,SHEPPARD ROAD,OWENS MILL DRIVE,3,33.79388611,-84.184702780000,0,42,0,0,3,3,0,4,5,2,0,2,0,0000000,99,98,99,98,88,88,0,0,0,1,0
13,130290,2,2,0,0,0,2,2,135,1810,24,3,2016,5,15,46,0,2,4,1,3,SR-120,MEADOW CHURCH ROAD,55,33.97832500,-84.102444440000,0,12,6,0,2,2,0,1,1,10,0,10,0,0000000,15,46,15,52,16,6,0,0,0,1,0
13,130291,2,2,0,0,0,3,3,141,5120,24,3,2016,5,5,55,1,1,3,1,3,SR-15,SR-16,92,33.27628889,-82.970527780000,0,59,0,0,3,2,0,4,1,10,0,10,0,0000000,99,99,99,99,99,99,0,0,0,1,0
13,130292,2,2,0,0,0,2,2,157,2810,24,3,2016,5,20,5,0,1,5,1,3,SR-332,,69,34.14078889,-83.678761110000,0,12,6,0,1,1,0,1,2,10,0,10,0,0000000,20,3,20,12,88,88,0,0,0,1,0
13,130293,2,2,0,0,0,2,2,63,4690,25,3,2016,6,16,10,1,2,3,1,3,SR-138,COMMERCE BLVD.,23,33.55029444,-84.418294440000,0,12,6,0,2,3,0,1,1,1,0,1,0,0000000,99,99,99,99,99,99,20,0,0,1,0
13,130294,1,1,0,0,0,1,1,77,0,25,3,2016,6,14,50,0,2,7,2,4,CR-WALT SANDERS ROAD,,0,33.44150556,-84.737647220000,0,10,0,0,6,1,0,1,1,1,0,1,0,050420R,99,99,99,99,88,88,0,0,0,1,0
13,130295,3,3,0,0,0,4,4,89,0,25,3,2016,6,14,5,0,2,4,1,3,SR-12,GLEN BRIAR WAY,70,33.72188889,-84.161722220000,0,12,6,0,2,3,0,1,1,1,0,1,0,0000000,14,7,14,15,14,35,0,0,0,1,0
13,130296,2,2,0,0,0,6,6,59,270,26,3,2016,7,12,16,1,2,3,1,3,SR-8,,75,33.95492500,-83.388261110000,0,12,6,0,1,1,0,1,1,1,0,1,0,0000000,12,17,12,20,12,40,0,0,0,2,0
13,130297,1,1,0,0,0,1,1,67,0,26,3,2016,7,2,57,1,2,1,1,1,I-75,,121,34.00531944,-84.564836110000,0,24,0,0,1,1,0,3,2,1,0,1,0,0000000,99,99,99,99,99,99,0,0,0,1,1
13,130298,1,1,0,0,0,1,1,95,0,26,3,2016,7,22,39,0,1,4,1,3,SR-91,,9,31.44807222,-84.263458330000,0,38,0,0,1,1,0,4,2,10,0,10,0,0000000,99,98,99,98,88,88,0,0,0,1,1
13,130299,1,1,0,0,0,1,1,97,0,26,3,2016,7,11,38,0,2,7,2,4,CR-COUNTY LINE ROAD,,30,33.78496944,-84.668361110000,0,35,0,0,1,1,0,4,1,10,0,10,0,0000000,11,41,11,54,12,19,0,0,0,1,0
13,130300,2,2,0,0,0,2,2,121,0,26,3,2016,7,9,45,0,2,7,2,4,CR-BOHANNON ROAD,,20,33.52614444,-84.585747220000,0,12,2,0,1,1,0,1,1,2,0,2,0,0000000,9,48,10,1,10,39,0,0,0,1,0
13,130301,2,2,0,0,0,3,3,135,3100,26,3,2016,7,15,21,0,2,4,1,3,SR-120,MCKENDREE CHURCH ROAD,98,33.97353056,-84.032041670000,0,12,6,0,2,2,0,1,1,10,0,10,0,0000000,15,22,15,41,15,43,0,0,0,2,0
13,130302,1,1,0,0,0,1,1,107,5600,27,3,2016,1,18,5,0,1,4,1,3,SR-121,,17,32.59397500,-82.022938890000,0,34,0,0,1,1,0,4,1,2,0,2,0,0000000,18,17,18,38,19,56,0,0,0,1,1
13,130303,2,2,0,0,0,4,4,139,9997,27,3,2016,1,15,34,0,2,4,1,3,SR-53,HOWINGTON ROAD,183,34.16066944,-83.824838890000,0,12,6,0,2,3,0,1,1,10,0,10,0,0000000,15,27,15,59,16,27,0,0,0,1,0
13,130304,1,1,0,0,0,2,2,149,0,27,3,2016,1,17,50,0,1,4,1,3,SR-34,,29,33.22905278,-85.215841670000,0,32,0,0,1,1,0,4,1,10,0,10,0,0000000,17,50,18,2,18,51,0,0,0,1,0
13,130305,2,2,0,0,0,5,5,47,0,28,3,2016,2,13,51,0,2,4,2,4,CR-LAFAYETTE ROAD,FORREST ROAD,4,34.94865833,-85.258925000000,0,12,6,0,2,2,0,1,1,1,0,1,0,0000000,99,99,99,99,99,99,0,0,0,1,0
13,130306,4,4,0,0,0,6,6,67,0,28,3,2016,2,20,57,0,2,4,1,3,SR-139,DISCOVERY BLVD.,1,33.78076944,-84.536266670000,0,12,6,0,2,2,0,1,2,10,0,10,0,0000000,20,58,21,4,21,43,0,0,0,1,1
13,130308,2,2,0,0,0,2,2,127,5439,28,3,2016,2,8,26,0,2,4,1,3,SR-303,,19,31.16398333,-81.557622220000,0,12,2,0,1,1,0,1,1,1,0,1,0,0000000,99,98,99,98,88,88,0,0,0,1,0