STATE,ST_CASE,VE_TOTAL,VE_FORMS,PVH_INVL,PEDS,PERNOTMVIT,PERMVIT,PERSONS,COUNTY,CITY,DAY,MONTH,YEAR,DAY_WEEK,HOUR,MINUTE,NHS,RUR_URB,FUNC_SYS,RD_OWNER,ROUTE,TWAY_ID,TWAY_ID2,MILEPT,LATITUDE,LONGITUD,SP_JUR,HARM_EV,MAN_COLL,RELJCT1,RELJCT2,TYP_INT,WRK_ZONE,REL_ROAD,LGT_COND,WEATHER1,WEATHER2,WEATHER,SCH_BUS,RAIL,NOT_HOUR,NOT_MIN,ARR_HOUR,ARR_MIN,HOSP_HR,HOSP_MN,CF1,CF2,CF3,FATALS,DRUNK_DR
13,130309,1,1,0,1,1,1,1,63,2180,29,3,2016,3,5,12,0,2,4,4,6,JONESBORO ROAD,,123,33.63386389,-84.358238890000,0,8,0,0,1,1,0,1,3,1,0,1,0,0000000,99,98,99,98,88,88,0,0,0,1,0
13,130310,2,2,0,0,0,3,3,177,0,29,3,2016,3,13,16,1,1,3,1,3,SR-32,SR-91,169,31.72660556,-84.047075000000,0,12,6,0,2,2,0,1,1,1,0,1,0,0000000,13,22,13,35,13,59,0,0,0,1,0
13,130311,2,2,0,0,0,2,2,215,1280,29,3,2016,3,10,33,1,2,3,4,6,4TH STREET,,2,32.45335278,-84.990480560000,0,12,7,0,1,1,0,1,1,1,0,1,0,0000000,10,40,10,45,11,0,0,0,0,1,0
13,130312,2,2,0,0,0,2,2,223,1500,29,3,2016,3,15,13,1,2,3,1,3,SR-6,OLD HARRIS ROAD,113,33.90306389,-84.810030560000,0,12,6,0,2,2,0,1,1,1,0,1,0,0000000,99,99,99,99,99,99,0,0,0,1,0
13,130314,2,2,0,0,0,2,2,169,0,30,3,2016,4,20,5,0,1,4,1,3,SR-44,,71,33.08949722,-83.484522220000,0,12,2,0,1,1,0,1,2,1,0,1,0,0000000,20,4,20,11,21,14,0,0,0,1,0
13,130315,3,3,0,0,0,4,4,261,0,30,3,2016,4,19,0,0,2,7,1,3,SR-49,DISTRICT LINE ROAD,53,32.11717500,-84.165744440000,0,12,6,0,2,3,0,1,1,1,0,1,0,0000000,19,1,19,8,19,28,0,0,0,1,1
13,130316,4,4,0,0,0,5,5,29,4655,31,3,2016,5,13,54,1,2,3,1,3,SR-25,SR-144,68,31.94985000,-81.312338890000,0,12,1,0,3,2,0,1,1,1,0,1,0,0000000,99,99,99,99,99,99,0,0,0,1,0
13,130317,1,1,0,0,0,1,1,73,0,31,3,2016,5,15,46,0,1,7,2,4,CR-DOUGLAS ROAD,,2,33.44588611,-82.277816670000,0,42,0,0,1,1,0,4,1,1,0,1,0,0000000,15,46,15,57,88,88,0,0,0,1,0
13,130318,1,1,0,0,0,1,1,191,0,31,3,2016,5,22,45,0,1,5,1,3,SR-99,,172,31.50710833,-81.395277780000,0,1,0,0,1,1,0,4,2,1,0,1,0,0000000,99,98,99,98,88,88,0,0,0,1,1
13,130319,1,1,0,1,1,1,1,255,2510,31,3,2016,5,15,10,0,2,4,4,6,SOUTH HILL STREET,HILLANDALE DRIVE,25,33.22748056,-84.267922220000,0,9,0,0,2,3,0,1,1,10,0,10,0,0000000,99,99,99,99,99,99,0,0,0,1,0
13,130320,2,2,0,0,0,2,2,63,2970,1,4,2016,6,23,18,1,2,3,1,3,SR-138,,81,33.53575000,-84.332180560000,1,12,6,0,8,1,0,1,2,2,0,2,0,0000000,23,18,23,31,23,46,0,0,0,1,0
13,130321,1,1,0,0,0,7,7,77,0,1,4,2016,6,20,7,1,2,1,1,1,I-85,,221,33.49781389,-84.640625000000,0,1,0,0,1,1,0,1,5,2,0,2,0,0000000,99,99,99,99,99,99,0,0,0,3,1
13,130322,2,2,0,0,0,2,2,89,0,1,4,2016,6,5,15,0,2,4,2,4,CR-5148 / ROCKBRIDGE RD,,43,33.78591667,-84.223197220000,0,12,2,0,1,1,0,1,2,2,0,2,0,0000000,5,15,5,25,6,23,0,0,0,1,0
13,130323,1,1,0,0,0,1,1,97,0,1,4,2016,6,1,30,0,2,7,2,4,CR-141 / BOMAR RD,,2,33.71604167,-84.699802780000,0,43,0,0,1,1,0,4,2,2,0,2,0,0000000,99,98,99,98,88,88,0,0,0,1,0
13,130324,2,2,0,0,0,3,3,143,690,1,4,2016,6,12,40,0,2,5,1,2,US-27 BU,,11,33.71551389,-85.142600000000,0,12,6,0,8,1,0,1,1,10,0,10,0,0000000,99,99,99,99,99,99,0,0,0,1,0
13,130325,1,1,0,0,0,1,1,27,0,2,4,2016,7,22,15,0,1,6,2,4,CR-195 / DRY LAKE RD,,48,30.83545278,-83.680563890000,0,53,0,0,1,1,0,4,2,1,0,1,0,0000000,99,98,99,98,88,88,0,0,0,1,1
13,130326,2,2,0,0,0,3,3,35,0,2,4,2016,7,15,30,0,1,4,1,3,SR-36,,137,33.35288056,-83.945688890000,0,12,2,0,1,1,0,1,1,1,0,1,0,0000000,99,99,99,99,99,99,0,0,0,1,0
13,130327,2,2,0,0,0,5,5,75,1000,2,4,2016,7,14,8,0,2,4,1,2,US-41 / SR-7,OLD COFFEE RD,14,31.04546944,-83.392483330000,0,12,6,0,2,2,0,1,1,1,0,1,0,0000000,99,99,99,99,99,99,0,0,0,1,0
13,130328,1,1,0,0,0,1,1,89,3210,2,4,2016,7,6,20,0,2,4,2,4,CR-599 / EVANS MILL RD,,20,33.67930000,-84.141083330000,0,42,0,0,1,1,0,4,2,2,0,2,0,0000000,99,98,99,98,88,88,0,0,0,1,1
13,130329,2,2,0,0,0,2,2,135,0,2,4,2016,7,11,7,1,2,3,1,3,SR-141 / PEACHTREE PKWY,WOODHILL DR,24,33.95349444,-84.233919440000,0,12,6,0,2,2,0,1,1,1,0,1,0,0000000,11,14,11,18,11,47,0,0,0,1,0
13,130330,1,1,0,1,1,1,1,135,9997,2,4,2016,7,15,37,0,2,7,4,6,SAHALE FALLS DR,,99999,34.11830833,-83.824233330000,0,8,0,0,1,1,0,1,1,1,0,1,0,0000000,15,39,15,51,88,88,0,0,0,1,0
13,130331,1,1,0,0,0,4,4,201,0,2,4,2016,7,19,20,0,1,4,1,3,SR-91,,186,31.18549167,-84.607372220000,0,1,0,0,1,1,0,4,1,10,0,10,0,0000000,99,99,99,99,99,99,5,0,0,3,0
13,130332,2,2,0,0,0,2,2,305,0,2,4,2016,7,18,15,0,1,7,2,4,CR-91 / DENT RD,MADRAY SPRINGS RD,14,31.71862778,-81.986316670000,0,12,6,0,2,2,0,1,1,1,0,1,0,0000000,99,99,99,99,99,99,0,0,0,1,0
13,130333,1,1,0,0,0,1,1,63,2970,3,4,2016,1,0,20,0,2,4,2,4,CR-1339 / WALT STEPHENS RD,,11,33.52038333,-84.320311110000,0,52,0,0,1,1,0,4,2,1,0,1,0,0000000,0,21,0,25,0,33,0,0,0,1,0
13,130334,1,1,0,0,0,1,1,121,280,3,4,2016,1,3,20,1,2,1,1,1,I-75,,77,33.75254722,-84.379483330000,0,25,0,0,1,1,0,3,3,1,0,1,0,0000000,3,21,3,21,3,36,0,0,0,1,1
13,130335,1,1,0,0,0,2,2,159,0,3,4,2016,1,16,59,0,1,7,2,4,CR-16 / PITTS CHAPEL RD,,31,33.46416944,-83.669600000000,0,34,0,0,1,1,0,4,1,1,0,1,0,0000000,17,1,17,24,18,16,0,0,0,1,1
13,130336,1,1,0,0,0,1,1,209,0,4,4,2016,2,8,6,0,1,4,1,2,US-221 / SR-135,,40,32.01560000,-82.508808330000,0,42,0,0,1,1,0,4,1,1,0,1,0,0000000,8,7,8,23,9,36,0,0,0,1,0
13,130337,2,2,0,0,0,4,4,209,0,4,4,2016,2,19,18,0,1,4,1,3,SR-135,OLD SAVANNAH RD,177,32.19899722,-82.462166670000,0,12,6,0,2,2,0,1,1,1,0,1,0,0000000,19,23,19,28,19,45,0,0,0,1,0
13,130338,1,1,0,0,0,2,2,39,0,5,4,2016,3,16,30,1,1,1,1,1,I-95,,199,31.02458889,-81.656502780000,0,38,0,0,1,1,0,5,1,1,0,1,0,0000000,16,47,16,57,17,49,0,0,0,1,0
13,130339,2,2,0,0,0,3,3,195,940,5,4,2016,3,18,11,1,1,3,1,3,SR-72,,162,34.04337778,-83.033700000000,0,12,8,0,1,1,0,1,1,1,0,1,0,0000000,18,13,18,21,19,12,0,0,0,1,0
13,130340,1,1,0,0,0,2,2,213,0,5,4,2016,3,14,35,0,2,4,1,3,SR-225,,84,34.71995000,-84.816580560000,0,1,0,0,1,1,0,1,1,1,0,1,0,0000000,99,99,99,99,99,99,0,0,0,1,0
13,130341,2,2,0,0,0,2,2,247,1320,5,4,2016,3,15,19,1,2,3,1,3,SR-138,,159,33.70470000,-83.937850000000,0,12,2,0,1,1,0,1,1,1,0,1,0,0000000,15,24,15,37,16,36,0,0,0,2,0
13,130342,1,1,0,1,1,1,1,253,1740,5,4,2016,3,6,55,0,1,5,1,3,SR-91 ALT / N WILEY AVE,,18,31.05521667,-84.879175000000,0,8,0,0,1,1,0,1,4,1,0,1,0,0000000,99,99,99,99,99,99,0,0,0,1,0
13,130343,1,1,0,0,0,1,1,21,3390,5,4,2016,3,16,28,0,2,5,2,4,CR-73 / WESLEYAN DR,,21,32.90972500,-83.716813890000,0,32,0,0,1,1,0,4,1,1,0,1,0,0000000,16,28,16,37,17,4,0,0,0,1,0
13,130344,1,1,0,1,1,1,1,63,2970,6,4,2016,4,0,1,1,2,3,1,2,US-19 /41 / TARA BLVD,,81,33.54205278,-84.367125000000,0,8,0,0,1,1,0,1,3,1,0,1,0,0000000,0,1,0,6,0,21,0,0,0,1,0
13,130345,1,1,0,1,1,1,1,121,280,6,4,2016,4,17,40,0,2,7,4,6,SHIRLEY ST,,2,33.73330278,-84.450608330000,0,8,0,0,1,1,0,1,1,1,0,1,0,0000000,17,44,17,52,18,0,0,0,0,1,0
13,130346,1,1,0,1,1,1,1,151,0,6,4,2016,4,18,49,0,2,4,2,4,CR-652 / LOWER WOOLSEY RD,,35,33.38185556,-84.306594440000,0,9,0,0,1,1,0,1,5,10,0,10,0,0000000,18,49,18,56,19,19,0,0,0,1,0
13,130347,1,1,0,0,0,1,1,179,0,6,4,2016,4,3,36,0,2,5,1,3,SR-196,,47,31.82991944,-81.681869440000,0,53,0,0,1,1,0,4,2,1,0,1,0,0000000,3,37,3,50,88,88,0,0,0,1,0
13,130348,2,2,0,0,0,2,2,297,0,6,4,2016,4,6,22,0,1,4,1,2,US-278 / SR-12,,3,33.62136111,-83.687100000000,0,12,2,0,1,1,0,1,2,1,0,1,0,0000000,99,98,99,98,88,88,0,0,0,2,0
13,130349,2,2,0,0,0,4,4,97,1770,7,4,2016,5,20,24,0,2,4,4,6,DOUGLAS BLVD,,8,33.72478611,-84.761475000000,0,12,6,0,8,1,0,1,3,1,0,1,0,0000000,20,20,20,25,88,88,0,0,0,1,0
13,130350,1,1,0,0,0,1,1,15,0,8,4,2016,6,19,28,0,2,4,1,3,SR-140,,32,34.37586667,-84.953388890000,0,42,0,0,1,1,0,4,5,10,0,10,0,0000000,99,99,99,99,88,88,0,0,0,1,0
13,130351,1,1,0,0,0,2,2,105,0,8,4,2016,6,17,30,0,1,6,2,4,CR-39 / BAKERS FERRY RD,,37,34.06120833,-82.794047220000,0,1,0,0,1,1,0,1,1,1,0,1,0,0000000,17,32,17,40,99,99,0,0,0,1,1
13,130352,1,1,0,1,1,1,1,303,4880,8,4,2016,6,21,50,0,2,7,4,6,E CHURCH ST,S SMITH ST,2,32.98136667,-82.808383330000,0,9,0,0,2,2,0,1,3,1,0,1,0,0000000,99,99,99,99,99,99,0,0,0,1,0
13,130353,1,1,0,0,0,1,1,67,0,9,4,2016,7,3,58,1,2,3,1,3,SR-120,,177,33.97935278,-84.462527780000,0,33,0,0,1,1,0,3,2,1,0,1,0,0000000,3,58,4,1,4,31,0,0,0,1,1
13,130354,1,1,0,0,0,2,2,237,1930,9,4,2016,7,20,59,0,1,7,4,6,NICKS WAY,,1,33.30700000,-83.421116670000,0,53,0,0,1,1,0,4,2,1,0,1,0,0000000,21,5,21,32,22,20,0,0,0,1,0
13,130355,1,1,0,0,0,1,1,255,2510,9,4,2016,7,3,45,0,2,4,4,6,EXPERIMENT ST,,7,33.25833889,-84.278358330000,0,33,0,0,1,1,0,4,2,1,0,1,0,0000000,99,99,99,99,88,88,0,0,0,1,1
13,130356,1,1,0,0,0,1,1,267,0,9,4,2016,7,12,0,0,1,4,1,3,SR-23,,117,31.99059722,-82.000469440000,0,32,0,0,1,1,0,4,1,1,0,1,0,0000000,13,51,13,55,88,88,0,0,0,1,0
13,130357,2,2,0,0,0,7,7,15,0,17,4,2016,1,15,48,0,2,4,1,3,SR-113,,80,34.13085000,-84.849919440000,0,1,0,0,1,1,0,1,1,1,0,1,0,0000000,15,45,15,57,16,23,19,0,0,1,0
13,130358,2,2,0,0,0,2,2,51,4910,10,4,2016,1,16,58,1,2,1,1,1,I-16,,24,32.00264722,-81.284600000000,0,12,7,1,20,1,0,1,1,1,0,1,0,0000000,17,2,17,19,17,51,0,0,0,1,1
13,130359,2,2,0,0,0,2,2,77,0,10,4,2016,1,0,30,1,2,1,1,1,I-85,,71,33.32099444,-84.779866670000,0,12,2,0,1,1,0,1,2,1,0,1,0,0000000,99,99,99,99,99,99,0,0,0,1,1
13,130360,1,1,0,0,0,2,2,135,0,10,4,2016,1,13,10,1,2,3,1,4,CR-6512 / SUGARLOAF PKWY,WOODHAVEN DR,111,33.94838889,-84.046994440000,0,33,0,0,1,1,0,4,1,10,0,10,0,0000000,13,8,13,14,14,19,0,0,0,1,1
13,130361,1,1,0,0,0,5,5,287,0,10,4,2016,1,17,45,1,1,1,1,1,I-75,,43,31.65360833,-83.597908330000,0,1,0,0,1,1,0,4,1,1,0,1,0,0000000,99,99,99,99,99,99,0,0,0,2,0
13,130362,2,2,0,0,0,2,2,15,0,11,4,2016,2,12,19,0,2,4,1,2,US-411 / SR-61,CASS WHITE RD,157,34.26969167,-84.752266670000,0,12,6,0,2,3,0,1,1,10,0,10,0,0000000,12,18,12,26,13,2,0,0,0,1,0
13,130363,1,1,0,0,0,1,1,87,0,11,4,2016,2,15,30,1,1,3,1,2,US-27 / SR-1,,256,30.97526111,-84.612230560000,0,34,0,0,1,1,0,4,1,1,0,1,0,0000000,99,99,99,99,99,99,0,0,0,1,0
13,130364,1,1,0,1,1,1,1,121,280,11,4,2016,2,3,53,0,2,4,4,6,WINDSOR ST,,1,33.74739722,-84.397850000000,0,8,0,0,1,1,0,1,2,1,0,1,0,0000000,99,99,99,99,88,88,0,0,0,1,0
13,130365,1,1,0,0,0,2,2,151,0,11,4,2016,2,15,58,1,2,1,1,1,I-75,,11,33.31410000,-84.117333330000,0,24,0,0,1,1,0,4,1,10,0,10,0,0000000,16,1,16,10,88,88,0,0,0,2,0
13,130366,1,1,0,1,1,1,1,279,5700,11,4,2016,2,7,43,0,2,4,1,3,SR-292,,53,32.20679722,-82.355861110000,0,9,0,0,1,1,0,1,1,1,0,1,0,0000000,7,44,7,48,7,55,0,0,0,1,0
13,130367,2,2,0,0,0,2,2,3,0,12,4,2016,3,11,48,1,1,3,1,2,US-82 / SR-520,PAULK AVE,33,31.34341944,-83.055283330000,0,12,6,0,3,3,0,1,1,1,0,1,0,0000000,99,98,99,98,88,88,0,0,0,1,0
13,130368,1,1,0,1,1,1,1,121,280,12,4,2016,3,22,50,1,2,3,1,2,US-23 / MORELAND AVE,,2,33.69193611,-84.349313890000,0,8,0,0,1,1,0,1,3,1,0,1,0,0000000,22,55,22,59,23,15,19,0,0,1,0
13,130369,4,4,0,0,0,6,6,95,0,12,4,2016,3,10,5,1,2,2,1,2,US-19 / LIBERTY EXPY,,59,31.59806667,-84.141983330000,0,12,1,0,1,1,0,1,1,10,0,10,0,0000000,10,5,10,10,10,50,19,0,0,1,0
13,130370,2,2,0,0,0,2,2,233,1010,12,4,2016,3,13,15,1,2,3,1,2,US-27 / SR-1,COLLARD VALLEY RD,107,34.02671389,-85.220227780000,0,12,6,0,2,2,0,1,1,10,0,10,0,0000000,13,10,13,13,13,33,0,0,0,1,0
13,130371,2,2,0,0,0,2,2,121,9997,13,4,2016,4,6,47,0,2,4,4,6,JONES BRIDGE RD,DOUGLAS RD,14,34.07005556,-84.205297220000,0,1,0,0,2,2,0,1,3,10,0,10,0,0000000,99,98,99,98,88,88,0,0,0,1,0
13,130372,1,1,0,0,0,1,1,139,0,13,4,2016,4,19,14,0,2,7,2,4,CR-1150 / WILL WALLACE RD,,3,34.37553611,-83.921169440000,0,53,0,0,1,1,0,4,1,10,0,10,0,0000000,19,15,19,22,19,47,0,0,0,1,1
13,130373,1,1,0,0,0,1,1,159,0,13,4,2016,4,7,19,0,1,4,1,3,SR-83,,58,33.21425000,-83.753294440000,0,34,0,0,1,1,0,4,1,1,0,1,0,0000000,99,98,99,98,88,88,0,0,0,1,0
13,130374,1,1,0,1,1,1,1,121,280,14,4,2016,5,0,41,1,2,3,4,6,PONCE DE LEON AVENUE,PONCE DE LEON PLACE,91,33.77358889,-84.363738890000,0,30,0,0,3,2,0,4,3,10,0,10,0,0000000,99,98,99,98,88,88,15,0,0,1,0
13,130375,3,3,0,0,0,3,3,121,9997,14,4,2016,5,12,40,0,2,4,4,6,JONES BRIDGE ROAD,,7,34.08426389,-84.192338890000,0,12,2,0,1,1,0,1,1,1,0,1,0,0000000,12,42,12,50,13,20,0,0,0,1,0
13,130376,1,1,0,0,0,1,1,57,920,15,4,2016,6,4,10,1,2,3,4,6,EAST MAIN STREET,,105,34.23564167,-84.474263890000,0,42,0,0,1,1,0,4,3,1,0,1,0,0000000,99,98,99,98,88,88,0,0,0,1,0
13,130377,3,3,0,3,3,4,4,121,280,15,4,2016,6,18,59,0,2,6,4,6,JOSEPH E. BOONE BLVD.,MAYSON TURNER ROAD,54,33.76353889,-84.429241670000,0,12,8,0,3,3,0,1,5,1,0,1,0,0000000,18,59,19,3,19,19,0,0,0,1,0
13,130378,1,1,0,1,1,1,1,297,3230,15,4,2016,6,22,9,0,2,4,1,3,SR-81,,88,33.82446111,-83.878163890000,0,8,0,0,1,1,0,1,3,1,0,1,0,0000000,22,8,22,11,22,34,0,0,0,1,0
13,130379,2,2,0,1,1,3,3,121,280,16,4,2016,7,18,51,1,2,3,4,6,MORELAND AVENUE,,14,33.70926389,-84.349588890000,0,12,7,0,1,1,0,1,5,1,0,1,0,0000000,99,98,99,98,88,88,0,0,0,1,0
13,130380,1,1,0,0,0,1,1,163,3250,16,4,2016,7,13,35,0,1,5,4,6,MIDDLEGROUND ROAD,,38,33.01083889,-82.397394440000,0,1,0,0,1,1,0,4,1,1,0,1,0,0000000,99,98,99,98,88,88,0,0,0,1,1
13,130381,2,2,0,0,0,2,2,245,310,16,4,2016,7,22,26,0,2,4,4,6,MIKE PADGETT HIGHWAY,,95,33.34571111,-81.975755560000,0,12,2,0,1,1,0,1,2,1,0,1,0,0000000,22,23,22,23,23,0,0,0,0,2,1
13,130382,1,1,0,0,0,1,1,15,980,17,4,2016,1,5,42,0,2,4,4,6,EUHARLEE ROAD,,25,34.14782222,-84.857650000000,0,30,0,0,1,1,0,4,2,1,0,1,0,0000000,5,17,5,36,6,40,0,0,0,1,0
13,130383,2,2,0,0,0,4,4,73,0,17,4,2016,1,16,7,0,2,7,2,4,CR-BAKER PLACE ROAD,,11,33.48929167,-82.244922220000,0,12,2,0,1,1,0,1,1,1,0,1,0,0000000,16,9,16,15,17,11,0,0,0,1,1
13,130384,2,2,0,0,0,2,2,75,0,17,4,2016,1,17,45,0,1,7,2,4,CR-OLD UNION,LOTT BRIDGE ROAD,37,31.28320833,-83.483933330000,0,12,2,0,2,4,0,1,1,1,0,1,0,0000000,99,98,99,98,88,88,0,0,0,1,0
13,130385,1,1,0,1,1,1,1,151,0,17,4,2016,1,13,16,0,2,7,2,4,CR-MCMURRY ROAD,,7,33.49315278,-84.228252780000,0,8,0,0,8,1,0,1,1,1,0,1,0,0000000,13,16,13,22,13,36,0,0,0,1,0
13,130386,6,6,0,0,0,10,10,225,830,17,4,2016,1,21,45,1,2,1,1,1,I-75(SR-401),,86,32.64262222,-83.743588890000,0,12,1,0,1,1,1,1,3,1,0,1,0,0000000,21,51,22,5,22,49,0,0,0,1,1
13,130387,2,2,0,0,0,3,3,313,1510,17,4,2016,1,19,49,0,1,5,4,6,DAWNVILLE ROAD,,23,34.80765000,-84.905952780000,0,12,2,0,1,1,0,1,1,1,0,1,0,0000000,19,51,20,0,20,30,0,0,0,2,1
13,130388,1,1,0,0,0,1,1,47,4680,18,4,2016,2,7,24,1,2,1,1,1,I-75,,114,34.97037778,-85.193486110000,0,24,0,0,1,1,0,4,1,1,0,1,0,0000000,7,30,7,59,8,18,0,0,0,1,0
13,130389,2,2,0,0,0,3,3,85,2977,18,4,2016,2,15,5,0,1,6,4,6,KELLY BRIDGE ROAD,,11,34.33512222,-84.146619440000,0,12,2,0,1,1,0,1,1,1,0,1,0,0000000,14,57,15,5,15,51,0,0,0,2,0
13,130390,2,2,0,1,1,2,2,121,280,18,4,2016,2,4,34,1,2,1,1,1,I-75/85,,55,33.71952778,-84.396494440000,0,8,0,0,1,1,0,1,3,1,0,1,0,0000000,99,99,99,99,88,88,0,0,0,1,0
13,130391,2,2,0,0,0,2,2,153,4340,18,4,2016,2,16,15,0,2,4,1,3,SR-247,SR-247(SPUR),75,32.46640000,-83.616272220000,0,12,6,0,2,3,0,1,1,1,0,1,0,0000000,16,19,16,34,17,49,0,0,0,1,0
13,130392,3,3,0,0,0,3,3,215,1280,18,4,2016,2,12,53,1,2,3,4,6,BUENA VISTA ROAD,MORRIS ROAD,1,32.45497500,-84.944819440000,0,12,6,0,2,2,0,1,1,1,0,1,0,0000000,12,57,13,0,88,88,0,0,0,1,0
13,130393,1,1,0,0,0,1,1,59,270,19,4,2016,3,2,55,0,2,7,4,6,ORKIN DRIVE,,6,33.94156944,-83.511322220000,0,33,0,0,1,1,0,4,3,1,0,1,0,0000000,3,2,3,8,3,26,0,0,0,1,0
13,130394,1,1,0,0,0,1,1,121,5640,20,4,2016,4,9,40,1,2,1,1,1,I-85,,89,33.58925833,-84.506133330000,0,34,0,0,1,1,0,4,1,1,0,1,0,0000000,9,40,9,40,88,88,0,0,0,1,0
13,130395,2,2,0,0,0,2,2,129,4605,20,4,2016,4,15,4,0,1,5,1,3,SR-136,SPRING PLACE ROAD,165,34.60426944,-84.820744440000,0,12,6,0,2,2,0,1,1,1,0,1,0,0000000,99,98,99,98,88,88,0,0,0,1,0
13,130396,2,2,0,0,0,4,4,129,0,20,4,2016,4,23,56,1,2,1,1,1,I-75,,27,34.44329722,-84.920097220000,0,12,1,0,1,1,0,1,2,1,0,1,0,0000000,23,53,23,59,0,13,19,0,0,1,0
13,130397,3,3,0,0,0,3,3,225,830,20,4,2016,4,1,30,1,2,1,1,1,I-75,,91,32.66789444,-83.744363890000,0,12,1,0,1,1,0,1,2,1,0,1,0,0000000,99,98,99,98,88,88,19,0,0,1,0
13,130398,5,5,0,0,0,8,8,287,250,20,4,2016,4,3,19,1,1,1,1,1,I-75,,93,31.71491944,-83.638350000000,0,12,1,0,1,1,0,1,2,1,0,1,0,0000000,99,98,99,98,88,88,0,0,0,1,0
13,130399,1,1,0,0,0,1,1,97,3208,21,4,2016,5,16,20,1,2,1,1,1,I-20,,158,33.76843333,-84.652369440000,0,34,0,0,1,1,0,4,1,1,0,1,0,0000000,99,98,99,98,88,88,0,0,0,1,1
13,130400,2,2,0,0,0,2,2,103,2520,21,4,2016,5,12,34,0,1,6,4,6,OLD DIXIE HIGHWAY SOUTH,,22,32.40860556,-81.318013890000,0,12,1,0,8,1,0,1,1,1,0,1,0,0000000,12,40,12,42,13,25,0,0,0,1,0
13,130401,2,2,0,0,0,2,2,227,9997,21,4,2016,5,12,48,0,1,7,4,6,DRY POND DRIVE,,29,34.50846944,-84.649052780000,0,12,2,0,1,1,0,1,1,1,0,1,0,0000000,99,98,99,98,88,88,0,0,0,1,0
13,130402,1,1,0,0,0,2,2,293,5450,21,4,2016,5,13,20,0,2,4,4,6,WEST MOORES CROSSING ROAD,,20,32.92590278,-84.315947220000,0,5,0,0,1,1,0,1,1,1,0,1,0,0000000,99,99,99,99,88,88,0,0,0,1,0
13,130403,2,2,0,0,0,2,2,115,4760,22,4,2016,6,16,50,1,2,3,4,6,HAMILTON AVENUE,,165,34.26344444,-85.189280560000,0,12,8,0,8,1,0,1,1,1,0,1,0,0000000,99,98,99,98,88,88,0,0,0,1,0
13,130404,1,1,0,1,1,2,2,253,0,22,4,2016,6,23,3,0,1,7,2,4,CR-THREE NOTCH ROAD,,31,31.03189167,-84.833902780000,0,8,0,0,1,1,0,1,2,1,0,1,0,0000000,99,98,99,98,88,88,0,0,0,1,0
13,130405,1,1,0,1,1,3,3,121,280,23,4,2016,7,2,51,1,2,3,1,3,SR-3,SPELMAN LANE,72,33.74441111,-84.408405560000,0,8,0,0,2,2,0,1,2,1,0,1,0,0000000,2,50,2,55,3,20,0,0,0,1,0
13,130406,3,3,0,2,2,2,2,135,0,23,4,2016,7,4,40,1,2,1,1,1,I-85,,79,33.95363611,-84.126658330000,0,12,7,0,1,1,0,1,3,1,0,1,0,0000000,99,99,99,99,99,99,0,0,0,1,0
13,130407,1,1,0,0,0,1,1,21,3390,24,4,2016,1,12,36,0,2,7,4,6,CONESTOGA TRAIL,SANTA FE TRAIL,0,32.85756667,-83.773677780000,0,34,0,0,3,3,0,4,1,1,0,1,0,0000000,12,40,12,40,88,88,0,0,0,1,0
13,130408,2,2,0,0,0,4,4,105,0,25,4,2016,2,10,30,0,1,5,1,3,SR-172,PULLIAM MILL ROAD,70,34.22631667,-83.007852780000,0,12,6,0,2,2,0,1,1,1,0,1,0,0000000,99,99,99,99,99,99,0,0,0,1,1
13,130409,1,1,0,0,0,2,2,135,5080,25,4,2016,2,1,52,0,2,7,4,6,MINK LIVSEY ROAD,,21,33.76411111,-84.009491670000,0,1,0,0,1,1,0,4,2,1,0,1,0,0000000,99,98,99,98,88,88,0,0,0,2,1
13,130410,3,3,0,0,0,4,4,89,0,26,4,2016,3,15,40,0,2,4,2,4,CR-BRIARCLIFF ROAD,CLAIRMONT ROAD,12,33.83750833,-84.311891670000,0,12,6,0,3,2,0,1,1,1,0,1,0,0000000,15,54,15,55,16,18,0,0,0,1,0