STATE,ST_CASE,VE_TOTAL,VE_FORMS,PVH_INVL,PEDS,PERNOTMVIT,PERMVIT,PERSONS,COUNTY,CITY,DAY,MONTH,YEAR,DAY_WEEK,HOUR,MINUTE,NHS,RUR_URB,FUNC_SYS,RD_OWNER,ROUTE,TWAY_ID,TWAY_ID2,MILEPT,LATITUDE,LONGITUD,SP_JUR,HARM_EV,MAN_COLL,RELJCT1,RELJCT2,TYP_INT,WRK_ZONE,REL_ROAD,LGT_COND,WEATHER1,WEATHER2,WEATHER,SCH_BUS,RAIL,NOT_HOUR,NOT_MIN,ARR_HOUR,ARR_MIN,HOSP_HR,HOSP_MN,CF1,CF2,CF3,FATALS,DRUNK_DR
13,130614,1,1,0,0,0,1,1,137,1150,11,4,2016,2,16,35,0,1,5,4,6,HABERSHAM MILLS ROAD,,27,34.58871389,-83.554558330000,0,34,0,0,1,1,0,4,1,10,0,10,0,0000000,16,31,16,40,17,1,0,0,0,1,0
13,130615,2,2,0,0,0,2,2,9,3620,16,4,2016,7,14,7,1,2,3,4,3,SR-24,,170,33.11020278,-83.255830560000,0,12,6,0,8,1,0,1,1,1,0,1,0,0000000,14,8,14,13,14,59,0,0,0,1,0
13,130616,1,1,0,1,1,1,1,115,4760,22,4,2016,6,7,9,0,2,4,4,6,MAPLE ROAD,,49,34.22226667,-85.167413890000,0,8,0,0,1,1,0,1,1,99,0,99,0,0000000,99,99,99,99,99,99,99,99,99,1,0
13,130617,1,1,0,1,1,1,1,21,3390,23,4,2016,7,18,2,0,2,7,4,6,RICE MILL ROAD,,13,32.79161111,-83.670716670000,0,8,0,0,1,1,0,1,1,1,0,1,0,0000000,18,3,18,13,18,29,0,0,0,1,0
13,130618,1,1,0,0,0,1,1,207,2190,12,6,2016,1,20,17,0,1,6,4,6,STOKES STORE ROAD,,63,33.14967778,-83.868930560000,0,32,0,0,1,1,0,4,8,98,0,98,0,0000000,99,98,99,98,88,88,0,0,0,1,1
13,130619,1,1,0,0,0,3,3,157,0,17,6,2016,6,7,25,1,2,1,1,1,I-85,,47,34.12732778,-83.726825000000,0,1,0,0,1,1,0,3,1,1,0,1,0,0000000,7,25,7,34,8,17,0,0,0,1,0
13,130620,1,1,0,0,0,6,6,191,0,17,6,2016,6,14,14,1,1,1,1,1,I-95,,184,31.59716111,-81.422863890000,0,24,0,0,1,1,0,3,1,1,0,1,0,0000000,14,2,14,13,15,20,0,0,0,1,0
13,130621,1,1,0,1,1,1,1,51,2290,18,6,2016,7,22,25,1,2,3,1,3,SR-26,,85,32.09214444,-81.194541670000,0,9,0,0,1,1,0,1,2,1,0,1,0,0000000,22,24,22,35,22,54,0,0,0,1,0
13,130622,1,1,0,0,0,2,2,67,0,18,6,2016,7,0,15,0,2,7,2,4,CR-BRIDGEHAMPTON ROAD,,1,33.88811944,-84.618655560000,0,5,0,0,1,1,0,1,2,1,0,1,0,0000000,0,15,0,23,0,46,0,0,0,1,0
13,130623,2,2,0,0,0,3,3,73,0,18,6,2016,7,9,8,0,2,4,1,3,SR-223,,99,33.47025833,-82.239302780000,0,12,2,0,1,1,0,1,1,10,0,10,0,0000000,9,8,9,14,10,3,0,0,0,1,0
13,130624,1,1,0,0,0,4,4,89,0,18,6,2016,7,21,40,0,2,6,2,4,CR-MCAFEE ROAD,,25,33.73199722,-84.296702780000,0,42,0,0,1,1,0,4,3,1,0,1,0,0000000,21,46,21,52,22,29,0,0,0,1,0
13,130625,1,1,0,1,1,1,1,89,0,18,6,2016,7,22,35,0,2,4,2,4,CR-PLEASANTDALE ROD,,40,33.90157222,-84.244263890000,0,8,0,0,1,1,0,1,3,1,0,1,0,0000000,22,42,22,46,23,13,0,0,0,1,0
13,130626,1,1,0,0,0,1,1,205,0,18,6,2016,7,8,50,0,1,5,2,4,CR-GREENOUGH ROAD,,44,31.31643333,-84.074788890000,0,1,0,0,1,1,0,4,2,2,0,2,0,0000000,99,98,99,98,88,88,0,0,0,1,1
13,130627,2,2,0,0,0,3,3,63,0,19,6,2016,1,2,56,1,2,3,2,4,CR-TARA BLVD.,FREEMAN ROAD,35,33.47557222,-84.337505560000,0,12,6,0,3,3,0,1,2,1,0,1,0,0000000,2,58,3,5,4,45,0,0,0,2,0
13,130628,1,1,0,0,0,6,6,67,0,20,6,2016,2,3,54,0,2,7,2,4,CR-CLAY ROAD,,28,33.83334444,-84.621672220000,0,42,0,0,1,1,0,4,3,1,0,1,0,0000000,3,55,3,59,4,53,0,0,0,2,1
13,130629,2,2,0,0,0,3,3,77,0,20,6,2016,2,18,32,0,2,5,1,3,SR-54,CECIL HUNTER ROAD,30,33.26086944,-84.721980560000,0,12,6,0,3,3,0,1,1,1,0,1,0,0000000,99,99,99,99,99,99,0,0,0,2,1
13,130630,1,1,0,0,0,4,4,179,0,20,6,2016,2,12,51,1,1,1,1,1,I-95,,35,31.69370000,-81.391825000000,0,42,0,0,1,1,0,3,1,1,0,1,0,0000000,12,52,13,14,13,59,0,0,0,1,1
13,130631,3,3,0,0,0,3,3,261,0,20,6,2016,2,17,20,1,1,3,1,2,US-SR30,LAMAR ROAD,348,31.96243889,-83.947738890000,0,12,7,0,2,2,0,1,1,1,0,1,0,0000000,17,21,17,44,18,21,0,0,0,1,0
13,130632,1,1,0,0,0,2,2,15,980,21,6,2016,3,13,49,1,2,1,1,1,I-75,,7,34.08000556,-84.671069440000,0,52,0,0,1,1,0,3,1,10,0,10,0,0000000,13,52,13,59,14,40,0,0,0,1,0
13,130633,1,1,0,1,1,1,1,67,0,21,6,2016,3,21,52,0,2,4,1,3,SR-280,,74,33.90560000,-84.542813890000,0,8,0,0,1,1,0,1,2,1,0,1,0,0000000,21,52,21,56,22,36,0,0,0,1,0
13,130634,1,1,0,0,0,1,1,123,9997,21,6,2016,3,10,20,0,1,5,1,3,SR-5,,6,34.55896389,-84.539002780000,0,35,0,0,1,1,0,4,1,1,0,1,0,0000000,99,98,99,98,88,88,0,0,0,1,0
13,130635,2,2,0,0,0,5,5,51,4450,22,6,2016,4,5,40,1,2,1,1,1,I-16,,51,32.08386667,-81.278994440000,0,12,2,0,1,1,0,1,4,1,0,1,0,0000000,99,98,99,98,88,88,0,0,0,5,0
13,130636,2,2,0,0,0,2,2,103,0,22,6,2016,4,18,43,1,1,3,1,3,SR-21,,182,32.43690556,-81.379986110000,0,12,2,0,1,1,0,1,1,1,0,1,0,0000000,18,43,19,0,19,57,0,0,0,1,0
13,130637,2,2,0,0,0,2,2,121,280,22,6,2016,4,3,59,1,2,1,1,1,I-75,,121,33.80184167,-84.403588890000,0,12,1,0,1,1,0,1,3,1,0,1,0,0000000,3,58,4,2,4,24,0,0,0,1,0
13,130638,2,2,0,0,0,5,5,135,9997,22,6,2016,4,23,8,0,2,4,1,3,SR-124,,263,34.07397778,-83.890241670000,0,12,2,0,1,1,0,1,2,1,0,1,0,0000000,21,33,23,15,23,47,0,0,0,1,1
13,130639,1,1,0,0,0,1,1,231,0,22,6,2016,4,6,9,0,1,5,1,3,SR-109,,98,33.02739444,-84.389086110000,0,42,0,0,1,1,0,4,4,1,0,1,0,0000000,6,21,6,29,88,88,0,0,0,1,0
13,130640,1,1,0,1,1,1,1,63,0,23,6,2016,5,3,10,1,2,3,1,3,SR-3,,68,33.51887500,-84.363752780000,0,8,0,0,1,1,0,1,3,1,0,1,0,0000000,3,10,3,40,3,45,0,0,0,1,0
13,130641,1,1,0,0,0,1,1,67,3440,23,6,2016,5,99,99,0,2,7,4,6,STEINHAUER ROAD,,0,34.06304167,-84.483677780000,0,42,0,0,1,1,0,4,9,99,0,99,0,0000000,88,88,88,88,88,88,0,0,0,1,0
13,130642,1,1,0,1,1,1,1,89,1610,23,6,2016,5,11,10,0,2,6,4,6,MCAFEE ROAD,WILLA WAY,14,33.73174167,-84.277008330000,0,8,0,0,3,3,0,1,1,1,0,1,0,0000000,99,98,99,98,88,88,0,0,0,1,0
13,130643,1,1,0,1,1,2,2,135,5080,23,6,2016,5,9,36,0,2,4,1,3,SR-264,,13,33.82072222,-84.065144440000,0,33,0,0,1,1,0,4,1,1,0,1,0,0000000,9,36,9,43,10,11,0,0,0,1,0
13,130644,2,2,0,0,0,2,2,135,5300,23,6,2016,5,10,39,0,2,6,4,6,OLD PEACHTREE ROAD,MANOR GLEN DRIVE,3,34.01720556,-84.054186110000,0,12,7,0,2,3,0,1,1,1,0,1,0,0000000,10,40,10,43,11,4,0,0,0,1,0
13,130645,1,1,0,0,0,2,2,305,0,23,6,2016,5,8,48,1,1,3,1,3,SR-38,,100,31.57452500,-81.960555560000,0,34,0,0,1,1,0,4,1,1,0,1,0,0000000,99,99,99,99,99,99,0,0,0,1,0
13,130646,1,1,0,0,0,2,2,311,1190,23,6,2016,5,22,40,0,1,7,4,6,JOE BLACK ROAD,,15,34.65657778,-83.741158330000,0,34,0,0,1,1,0,4,2,1,0,1,0,0000000,99,99,99,99,99,99,0,0,0,1,1
13,130647,2,2,0,0,0,3,3,93,0,24,6,2016,6,14,31,1,1,1,1,1,I-75,,79,32.14770556,-83.756827780000,0,12,7,0,1,1,0,1,1,1,0,1,0,0000000,99,98,99,98,88,88,0,0,0,1,0
13,130648,1,1,0,0,0,6,6,93,0,24,6,2016,6,14,50,1,1,1,1,1,I-75,,46,32.10732500,-83.762786110000,0,1,0,0,1,1,0,3,1,1,0,1,0,0000000,99,99,99,99,99,99,0,0,0,1,0
13,130649,1,1,0,0,0,1,1,107,0,24,6,2016,6,22,30,0,1,4,1,2,US-SR26,,20,32.54631944,-82.576550000000,0,42,0,0,1,1,0,4,2,1,0,1,0,0000000,99,99,99,99,88,88,0,0,0,1,0
13,130650,2,2,0,0,0,3,3,115,0,24,6,2016,6,20,55,1,2,3,1,3,SR-20,,112,34.26655000,-85.278758330000,0,12,2,0,1,1,0,1,1,1,0,1,0,0000000,20,57,21,6,21,51,0,0,0,1,0
13,130651,2,2,0,0,0,2,2,33,0,25,6,2016,7,16,8,0,1,5,1,3,SR-23,,245,33.16462222,-81.909266670000,0,12,1,0,1,1,0,1,1,1,0,1,0,0000000,16,8,16,18,17,19,0,0,0,1,0
13,130652,1,1,0,0,0,1,1,49,0,25,6,2016,7,19,49,0,1,7,2,4,CR-CANADAY ROAD,,16,30.46502778,-82.195291670000,0,34,0,0,1,1,0,4,5,1,0,1,0,0000000,99,99,99,99,88,88,0,0,0,1,1
13,130653,2,2,0,0,0,2,2,57,0,25,6,2016,7,6,0,0,2,4,2,4,CR-WADE GREEN ROAD,,2,34.08112778,-84.588736110000,0,12,2,0,1,1,0,1,2,1,0,1,0,0000000,99,98,99,98,88,88,0,0,0,2,0
13,130654,2,2,0,0,0,2,2,153,5790,25,6,2016,7,23,0,0,2,4,4,6,N. DAVIS ROAD,,2,32.62181389,-83.613041670000,0,12,6,0,8,1,0,1,3,10,0,10,0,0000000,23,4,23,8,23,40,0,0,0,1,0
13,130655,1,1,0,0,0,2,2,179,0,25,6,2016,7,8,47,0,1,5,1,3,SR-196,,33,31.87128611,-81.424533330000,0,34,0,0,1,1,0,4,1,1,0,1,0,0000000,8,49,9,10,9,57,0,0,0,1,0
13,130656,1,1,0,0,0,4,4,187,1480,25,6,2016,7,16,55,0,1,7,4,6,GOLDEN BEAR PASS,,54,34.50659722,-83.962583330000,0,1,0,0,1,1,0,4,1,1,0,1,0,0000000,99,99,99,99,99,99,0,0,0,1,0
13,130657,1,1,0,0,0,1,1,261,0,25,6,2016,7,10,45,0,1,5,1,3,SR-195,,140,32.08933056,-84.070950000000,0,1,0,0,1,1,0,4,1,1,0,1,0,0000000,10,45,10,59,11,30,0,0,0,1,0
13,130658,3,3,0,0,0,4,4,313,0,25,6,2016,7,17,42,1,2,1,1,1,I-75,,151,34.83260556,-85.018063890000,0,12,6,0,1,1,1,1,1,1,0,1,0,0000000,17,42,17,48,19,0,0,0,0,1,0
13,130659,3,3,0,0,0,4,4,89,0,26,6,2016,1,13,10,0,2,4,1,3,SR-12,,88,33.71738333,-84.144716670000,0,12,2,0,8,1,0,1,1,1,0,1,0,0000000,13,13,13,16,13,45,0,0,0,1,0
13,130660,2,2,0,0,0,3,3,255,0,26,6,2016,1,1,13,0,2,7,2,4,CR-SLAUGHTER ROAD,,2,33.34540278,-84.281580560000,0,12,8,0,1,1,0,1,2,1,0,1,0,0000000,1,17,1,50,2,25,0,0,0,1,2
13,130661,1,1,0,1,1,1,1,1,0,27,6,2016,2,5,6,1,1,3,1,3,SR-27,,77,31.79673333,-82.401913890000,0,8,0,0,1,1,0,1,2,1,0,1,0,0000000,99,99,99,99,99,99,0,0,0,1,0
13,130662,3,3,0,0,0,8,8,121,0,27,6,2016,2,14,59,0,2,4,1,3,SR-70,BOAT ROCK ROAD,265,33.72498056,-84.582705560000,0,12,1,0,2,2,0,1,1,1,0,1,0,0000000,14,59,15,15,99,99,20,0,0,1,0
13,130663,2,2,0,0,0,2,2,213,0,27,6,2016,2,21,45,0,1,5,2,4,CR-OLD CCC CAMP ROAD,,31,34.81938611,-84.707658330000,0,12,2,0,1,1,0,1,2,10,0,10,0,0000000,21,48,22,0,99,99,0,0,0,1,1
13,130664,1,1,0,1,1,1,1,303,2600,27,6,2016,2,5,56,0,1,7,4,6,BARTOW DUBLIN ROAD,,67,32.80176111,-82.631377780000,0,8,0,0,1,1,0,1,2,1,0,1,0,0000000,99,99,99,99,88,88,0,0,0,1,0
13,130665,1,1,0,1,1,1,1,21,3390,28,6,2016,3,21,58,1,2,3,4,3,SR-22,BLOOMFIELD ROAD,102,32.81632222,-83.708497220000,0,8,0,0,2,2,0,1,2,2,0,2,0,0000000,99,99,99,99,99,99,0,0,0,1,0
13,130666,2,2,0,0,0,2,2,103,0,28,6,2016,3,14,49,0,1,5,2,4,CR-OLD RIVER ROAD,,18,32.12944722,-81.385508330000,0,12,2,0,1,1,0,1,1,1,0,1,0,0000000,14,52,15,1,15,46,0,0,0,1,0
13,130667,1,1,0,1,1,1,1,47,9997,30,6,2016,5,21,30,0,1,7,4,6,SAM LEWIS ROAD,,2,34.95917500,-85.040655560000,0,8,0,0,1,1,0,1,2,1,0,1,0,0000000,99,99,99,99,88,88,0,0,0,1,1
13,130668,1,1,0,1,1,1,1,121,280,30,6,2016,5,23,57,1,2,1,1,1,I-75,,104,33.78669722,-84.391111110000,0,8,0,0,1,1,0,1,3,1,0,1,0,0000000,99,98,99,98,88,88,0,0,0,1,0
13,130669,2,2,0,0,0,6,6,135,5300,30,6,2016,5,14,19,1,2,1,1,1,I-85,,88,33.96256111,-84.105516670000,0,12,6,0,1,1,0,1,1,1,0,1,0,0000000,14,11,14,20,14,34,0,0,0,2,0
13,130670,2,2,0,0,0,2,2,199,0,30,6,2016,5,12,30,0,1,4,1,3,SR-74,,80,33.09541111,-84.575691670000,0,12,6,0,1,1,0,1,1,1,0,1,0,0000000,99,99,99,99,99,99,0,0,0,1,0
13,130671,1,1,0,0,0,3,3,67,0,1,7,2016,6,12,42,0,2,4,2,3,SR-280 / DELK RD,,124,33.92263611,-84.503191670000,0,33,0,0,1,1,0,3,1,1,0,1,0,0000000,12,45,12,52,13,21,0,0,0,1,0
13,130672,2,2,0,0,0,6,6,245,310,1,7,2016,6,18,21,0,2,3,1,2,US-25 / PEACH ORCHARD RD,,138,33.42510556,-82.018402780000,0,12,6,0,8,1,0,1,1,1,0,1,0,0000000,18,28,18,29,18,59,0,0,0,1,0
13,130673,2,2,0,0,0,4,4,291,0,1,7,2016,6,13,3,1,1,3,1,2,US-76 / SR-515,LOWS MILL RD,59,34.86107222,-84.013088890000,0,12,6,0,2,2,0,1,1,1,0,1,0,0000000,13,1,13,8,13,36,0,0,0,1,0
13,130674,2,1,1,0,0,1,1,301,0,1,7,2016,6,5,24,1,1,1,1,1,I-20,,120,33.49455278,-82.623538890000,0,14,0,0,1,1,0,4,2,1,0,1,0,0000000,99,98,99,98,88,88,0,0,0,1,0
13,130675,2,2,0,0,0,4,4,99,550,2,7,2016,7,17,17,1,1,3,1,2,US-27 / SR-1,SR-62,117,31.38054722,-84.921491670000,0,12,6,0,2,2,0,1,1,1,0,1,0,0000000,99,99,99,99,99,99,0,0,0,1,0
13,130676,1,1,0,0,0,1,1,137,0,2,7,2016,7,18,28,0,2,7,2,4,CR-542 / J WARREN RD,,18,34.51631111,-83.563986110000,0,1,0,0,1,1,0,4,1,1,0,1,0,0000000,18,28,18,34,19,30,0,0,0,1,1
13,130677,1,1,0,1,1,1,1,63,0,3,7,2016,1,21,20,0,2,4,2,4,CR-1348 / MORROW RD,,8,33.59084167,-84.373122220000,0,8,0,0,1,1,0,1,2,10,0,10,0,0000000,21,35,21,41,21,54,0,0,0,1,0
13,130678,5,5,0,0,0,10,10,89,0,3,7,2016,1,14,46,1,2,3,2,4,CR-5190 / S HAIRSTON RD,,51,33.71938889,-84.208111110000,1,12,7,0,1,1,0,1,1,1,0,1,0,0000000,14,47,14,56,15,39,0,0,0,1,0
13,130679,3,3,0,0,0,3,3,233,0,3,7,2016,1,23,55,1,2,3,1,2,US-278 / SR-6,SR-101,234,33.96573056,-84.994133330000,0,12,6,0,2,3,0,1,2,1,0,1,0,0000000,99,99,99,99,99,99,0,0,0,1,0
13,130680,3,3,0,0,0,5,5,15,0,4,7,2016,2,12,34,0,2,6,2,4,CR-633 / RED TOP MTN RD,WEBSTER FERRY LND,54,34.14422500,-84.699952780000,0,1,0,0,3,4,0,1,1,1,0,1,0,0000000,12,31,12,40,13,44,0,0,0,1,0
13,130681,1,1,0,0,0,1,1,15,0,4,7,2016,2,23,28,0,2,6,2,4,CR-515 / OLD CASS WHITE RD,,13,34.26400000,-84.821708330000,0,1,0,0,1,1,0,1,2,1,0,1,0,0000000,99,99,99,99,99,99,0,0,0,1,0
13,130682,1,1,0,0,0,1,1,129,0,4,7,2016,2,5,13,1,1,3,1,2,US-411 / SR-61,,33,34.45913056,-84.698291670000,0,34,0,0,1,1,0,4,2,1,0,1,0,0000000,99,99,99,99,99,99,0,0,0,1,1
13,130683,4,1,3,0,0,1,1,135,0,4,7,2016,2,19,9,0,2,7,2,4,CR-459 / PADEN DR,,9,33.93271944,-84.069230560000,0,53,0,0,1,1,0,4,1,1,0,1,0,0000000,19,12,19,15,88,88,0,0,0,1,1
13,130684,2,1,1,0,2,1,3,1,0,5,7,2016,3,13,10,1,1,3,1,2,US-341 / SR-27,,159,31.75093333,-82.269563890000,0,45,0,0,1,1,2,1,1,1,0,1,0,0000000,13,12,13,17,13,49,0,0,0,1,0
13,130685,2,1,1,0,0,1,1,31,0,5,7,2016,3,9,38,0,1,6,2,4,CR-429 / BURKHALTER RD,,61,32.47266667,-81.636480560000,0,34,0,0,1,1,0,4,1,1,0,1,0,0000000,99,98,99,98,88,88,0,0,0,1,0
13,130686,1,1,0,0,0,1,1,55,0,5,7,2016,3,14,20,1,1,3,1,2,US-27 / SR-1,,74,34.47691667,-85.296561110000,0,1,0,0,1,1,0,4,1,10,0,10,0,0000000,99,99,99,99,99,99,0,0,0,1,0
13,130687,5,5,0,0,0,18,18,151,0,5,7,2016,3,14,54,1,2,1,1,1,I-75,,22,33.32898611,-84.121775000000,0,12,1,0,1,1,0,1,1,2,0,2,0,0000000,14,50,15,9,15,47,0,0,0,1,0
13,130688,2,1,1,0,2,1,3,215,1280,5,7,2016,3,4,54,1,2,1,1,1,I-185,,133,32.58863889,-84.959130560000,0,14,0,0,1,1,0,2,2,1,0,1,0,0000000,99,98,99,98,88,88,0,0,0,1,0
13,130689,1,1,0,0,0,1,1,145,0,6,7,2016,4,14,46,0,1,4,1,2,US-27 ALT / SR-85,,70,32.66545556,-84.761672220000,0,42,0,0,1,1,0,4,1,2,0,2,0,0000000,14,38,14,45,15,43,0,0,0,1,0
13,130690,1,1,0,0,0,1,1,157,0,6,7,2016,4,20,5,0,2,4,1,3,SR-53,,3,34.13949444,-83.793666670000,0,1,0,0,1,1,0,4,1,10,0,10,0,0000000,20,5,20,10,20,32,0,0,0,1,0
13,130691,1,1,0,0,0,1,1,15,980,7,7,2016,5,23,55,0,2,4,4,6,OLD MILL RD,,0,34.14860833,-84.828702780000,0,44,0,0,1,1,1,1,2,1,0,1,0,0000000,23,54,0,4,88,88,0,0,0,1,0
13,130692,1,1,0,0,0,1,1,289,0,7,7,2016,5,1,30,1,1,1,1,1,I-16,,200,32.58630278,-83.289600000000,0,59,0,0,1,1,0,4,2,10,0,10,0,0000000,99,98,99,98,88,88,0,0,0,1,0
13,130693,2,2,0,0,0,3,3,295,0,7,7,2016,5,20,20,0,1,4,1,3,SR-151,,112,34.72369444,-85.184083330000,0,12,2,0,1,1,0,1,1,1,0,1,0,0000000,99,98,99,98,88,88,0,0,0,1,0
13,130694,1,1,0,0,0,1,1,33,0,8,7,2016,6,13,10,1,1,3,1,2,US-25 / SR-121,,189,33.18433611,-82.040508330000,0,43,0,0,1,1,0,4,1,10,0,10,0,0000000,13,21,13,28,14,5,0,0,0,1,0
13,130695,2,2,0,0,0,3,3,79,0,8,7,2016,6,13,30,0,1,6,2,4,CR-169 / WALTON RD,WESLEY CHAPEL RD,4,32.61102500,-83.894919440000,0,12,6,0,2,2,0,1,1,1,0,1,0,0000000,99,99,99,99,99,99,0,0,0,1,0
13,130696,1,1,0,0,0,1,1,81,0,8,7,2016,6,2,10,1,2,1,1,1,I-75,,134,31.99245278,-83.756791670000,0,34,0,0,1,1,0,4,2,1,0,1,0,0000000,99,98,99,98,88,88,0,0,0,1,0
13,130697,2,2,0,0,0,3,3,115,4760,8,7,2016,6,13,22,1,2,3,1,2,US-27 /SR-1/  CEDARTOWN HWY,,69,34.19411111,-85.200833330000,0,12,2,0,1,1,0,1,1,1,0,1,0,0000000,13,22,13,28,13,55,0,0,0,2,0
13,130698,3,3,0,0,0,4,4,281,0,8,7,2016,6,9,50,1,1,3,1,2,US-76 / SR-2,,74,34.96328056,-83.789791670000,0,12,6,0,8,1,0,1,1,10,0,10,0,0000000,99,99,99,99,99,99,14,0,0,1,0
13,130699,2,2,0,0,0,2,2,67,0,9,7,2016,7,3,2,1,2,1,1,1,I-75,,13,33.89222778,-84.462480560000,0,12,7,0,1,1,0,1,2,1,0,1,0,0000000,3,5,3,9,3,31,0,0,0,1,1
13,130700,1,1,0,1,1,2,2,187,0,9,7,2016,7,10,35,0,1,5,1,3,SR-60,,160,34.63714444,-83.956458330000,0,9,0,0,1,1,0,1,1,1,0,1,0,0000000,10,36,10,48,11,6,16,0,0,1,0
13,130701,1,1,0,0,0,1,1,195,0,9,7,2016,7,4,30,1,1,3,1,3,SR-72,,119,34.05850278,-83.105972220000,0,42,0,0,1,1,0,5,2,1,0,1,0,0000000,99,98,99,98,88,88,0,0,0,1,0
13,130702,2,2,0,0,0,6,6,213,0,10,7,2016,1,14,31,0,1,4,1,3,SR-225,HENRY GALLMAN RD,9,34.62911111,-84.868227780000,0,12,1,0,2,3,0,1,1,1,0,1,0,0000000,14,32,14,55,15,44,0,0,0,1,0
13,130703,4,4,0,0,0,8,8,89,0,11,7,2016,2,0,26,1,2,1,1,1,I-20,,77,33.71153056,-84.217400000000,0,12,1,0,1,1,0,1,3,1,0,1,0,0000000,0,28,0,44,1,33,0,0,0,1,0
13,130704,2,1,1,1,2,1,2,153,4340,11,7,2016,2,13,15,1,2,1,1,1,I-75,,114,32.45277222,-83.753613890000,0,14,0,0,1,1,0,4,1,1,0,1,0,0000000,13,23,13,35,14,24,23,0,0,1,0
13,130705,1,1,0,1,1,1,1,191,1560,11,7,2016,2,21,20,0,2,5,1,3,SR-251,,111,31.41083889,-81.457930560000,0,9,0,0,1,1,0,1,2,10,0,10,0,0000000,99,99,99,99,99,99,0,0,0,1,0
13,130706,1,1,0,0,0,2,2,215,1280,11,7,2016,2,13,10,1,2,2,1,2,US-80 / SR-22 RAMP,,20,32.52795000,-84.976736110000,0,42,0,1,5,1,0,4,1,1,0,1,0,0000000,13,6,13,15,15,28,0,0,0,1,0
13,130707,1,1,0,0,0,1,1,313,0,11,7,2016,2,2,0,0,2,4,2,4,CR-668 / HAIG MILL RD,,9,34.82712778,-84.961102780000,0,35,0,0,1,1,0,4,2,10,0,10,0,0000000,6,36,6,43,88,88,0,0,0,1,0
13,130708,2,2,0,0,0,2,2,13,0,12,7,2016,3,16,21,0,2,4,1,3,SR-211,COVERED BRIDGE RD,205,34.06990833,-83.786336110000,0,12,6,0,2,2,0,1,1,1,0,1,0,0000000,16,21,16,24,17,24,0,0,0,1,0
13,130709,3,2,1,0,1,1,2,245,310,12,7,2016,3,13,42,0,2,4,1,3,SR-56 / MIKE PADGETT HWY,HORSESHOE RD,33,33.28728333,-81.958688890000,0,12,1,0,1,1,0,11,1,1,0,1,0,0000000,99,98,99,98,88,88,19,0,0,1,0
13,130710,2,1,1,1,1,1,1,89,0,13,7,2016,4,5,27,1,2,1,1,1,I-285 RAMP,,59,33.87972222,-84.249494440000,0,8,0,1,5,1,0,4,2,1,0,1,0,0000000,99,98,99,98,88,88,23,0,0,1,0
13,130711,1,1,0,0,0,3,3,83,0,14,7,2016,5,17,18,1,1,1,1,1,I-59,,173,34.97167222,-85.445763890000,0,24,0,0,1,1,0,4,1,2,0,2,0,0000000,99,99,18,52,19,0,0,0,0,1,0
13,130712,2,2,0,0,0,2,2,119,0,14,7,2016,5,13,54,1,1,1,1,1,I-85,,135,34.42484167,-83.160394440000,0,57,0,0,1,1,0,3,1,1,0,1,0,0000000,13,49,13,58,99,99,0,0,0,1,0
13,130713,1,1,0,0,0,1,1,133,0,14,7,2016,5,11,55,0,1,5,1,3,SR-15,,252,33.70732500,-83.290111110000,0,1,0,0,1,1,0,1,1,1,0,1,0,0000000,99,98,99,98,88,88,0,0,0,1,0
13,130714,2,2,0,0,0,2,2,169,0,14,7,2016,5,20,24,0,2,4,1,3,SR-49,GRISWOLDVILLE RD,2,32.87425833,-83.555405560000,0,12,6,0,8,1,0,1,1,1,0,1,0,0000000,20,25,20,35,88,88,0,0,0,1,0
13,130715,2,2,0,0,0,2,2,63,0,15,7,2016,6,2,13,0,2,4,1,3,SR-314,,40,33.60705000,-84.446533330000,0,12,2,0,1,1,0,1,2,1,0,1,0,0000000,99,98,99,98,88,88,0,0,0,1,1
13,130716,2,2,0,0,0,4,4,117,1440,15,7,2016,6,15,50,0,2,7,4,6,MARKET PLACE BLVD,CUMMING TOWN CENTER,99999,34.19384722,-84.127288890000,0,12,6,0,2,2,0,1,1,1,0,1,0,0000000,99,99,99,99,99,99,0,0,0,1,0