STATE,ST_CASE,VE_TOTAL,VE_FORMS,PVH_INVL,PEDS,PERNOTMVIT,PERMVIT,PERSONS,COUNTY,CITY,DAY,MONTH,YEAR,DAY_WEEK,HOUR,MINUTE,NHS,RUR_URB,FUNC_SYS,RD_OWNER,ROUTE,TWAY_ID,TWAY_ID2,MILEPT,LATITUDE,LONGITUD,SP_JUR,HARM_EV,MAN_COLL,RELJCT1,RELJCT2,TYP_INT,WRK_ZONE,REL_ROAD,LGT_COND,WEATHER1,WEATHER2,WEATHER,SCH_BUS,RAIL,NOT_HOUR,NOT_MIN,ARR_HOUR,ARR_MIN,HOSP_HR,HOSP_MN,CF1,CF2,CF3,FATALS,DRUNK_DR
13,130921,2,2,0,0,0,2,2,115,242,3,9,2016,7,14,48,0,1,5,2,4,CR-635 / FLOYD SPRINGS RD,,32,34.41653333,-85.156119440000,0,12,6,0,8,1,0,1,1,1,0,1,0,0000000,14,49,15,4,15,33,0,0,0,1,0
13,130922,1,1,0,0,0,1,1,251,0,3,9,2016,7,23,55,0,1,5,1,3,SR-17,,38,32.54271667,-81.581013890000,0,35,0,0,1,1,0,4,2,1,0,1,0,0000000,99,99,99,99,99,99,0,0,0,1,1
13,130923,1,1,0,0,0,1,1,7,0,4,9,2016,1,20,10,0,1,5,2,4,CR-120 / MILFORD CHURCH RD,,99999,31.40038889,-84.536202780000,0,42,0,0,1,1,0,5,2,10,0,10,0,0000000,99,98,99,98,88,88,0,0,0,1,1
13,130924,3,3,0,0,0,4,4,45,0,4,9,2016,1,21,0,0,2,4,1,3,SR-166,BURWELL RD,104,33.56098889,-85.153769440000,0,12,6,0,3,3,0,1,2,1,0,1,0,0000000,99,99,99,99,99,99,0,0,0,1,0
13,130925,1,1,0,0,0,1,1,55,0,4,9,2016,1,22,0,0,1,7,2,4,CR-1 /HALLS VALLEY RD,,43,34.56418611,-85.266166670000,0,35,0,0,1,1,0,4,2,1,0,1,0,0000000,99,99,99,99,88,88,0,0,0,1,1
13,130926,2,2,0,0,0,2,2,121,280,4,9,2016,1,0,56,1,2,1,1,1,I-75,,104,33.78653611,-84.391455560000,0,12,1,0,1,1,0,1,3,1,0,1,0,0000000,99,99,99,99,99,99,23,0,0,1,0
13,130927,2,2,0,1,1,1,1,121,280,4,9,2016,1,3,47,1,2,1,1,1,I-75,,169,33.86514722,-84.439541670000,0,12,2,0,1,1,0,1,2,1,0,1,0,0000000,99,98,99,98,88,88,19,23,0,1,1
13,130928,1,1,0,1,1,1,1,127,0,4,9,2016,1,12,41,1,2,3,1,3,SR-25SE / FJ TORRAS CSWY,,34,31.17051111,-81.421141670000,0,9,0,0,1,1,0,4,1,1,0,1,0,0000000,99,99,99,99,99,99,0,0,0,1,0
13,130929,1,1,0,0,0,2,2,137,0,4,9,2016,1,17,50,1,1,3,1,2,US-441 / SR-365,,99999,34.57585833,-83.463619440000,0,32,0,0,1,1,0,3,1,1,0,1,0,0000000,99,99,99,99,99,99,0,0,0,1,0
13,130930,1,1,0,1,1,4,4,215,1280,4,9,2016,1,3,33,0,2,4,1,3,SR-219 / RIVER RD,,24,32.52808056,-84.991986110000,0,8,0,0,1,1,0,1,3,1,0,1,0,0000000,3,30,3,34,88,88,0,0,0,1,1
13,130931,1,1,0,1,1,1,1,277,0,4,9,2016,1,20,52,1,2,3,1,2,US-82 / SR-520,,101,31.45076667,-83.506708330000,0,8,0,0,1,1,0,1,3,10,0,10,0,0000000,99,99,99,99,99,99,0,0,0,1,0
13,130932,2,2,0,0,0,2,2,51,4910,5,9,2016,2,18,36,0,2,7,4,6,MEDING ST,MCKENZIE ST,20,32.03709167,-81.114891670000,0,12,6,0,2,3,0,1,1,1,0,1,0,0000000,99,98,99,98,88,88,0,0,0,1,0
13,130933,2,2,0,0,0,5,5,311,0,5,9,2016,2,11,58,1,1,3,1,2,US-129 / SR-11,SR-11 BYP,77,34.57883611,-83.763641670000,0,12,6,0,2,2,0,1,1,1,0,1,0,0000000,99,99,99,99,99,99,0,0,0,1,0
13,130934,1,1,0,0,0,2,2,1,0,6,9,2016,3,14,40,0,1,5,1,3,SR-203,,99,31.57894722,-82.156827780000,0,1,0,0,1,1,0,4,1,1,0,1,0,0000000,99,99,99,99,99,99,0,0,0,1,0
13,130935,2,2,0,0,0,2,2,31,0,6,9,2016,3,13,35,1,1,1,1,1,I-16,,211,32.22964444,-81.611438890000,0,12,1,0,1,1,0,1,1,1,0,1,0,0000000,99,98,99,98,88,88,0,0,0,1,0
13,130936,2,2,0,0,0,2,2,67,5070,6,9,2016,3,23,50,1,2,3,4,6,EAST WEST CONN,,1,33.84543056,-84.532475000000,0,33,0,0,1,1,0,3,2,1,0,1,0,0000000,99,98,99,98,88,88,0,0,0,2,0
13,130937,3,3,0,0,0,3,3,119,0,6,9,2016,3,16,41,1,1,1,1,1,I-85,,5,34.31306111,-83.377866670000,0,12,1,0,1,1,0,1,1,1,0,1,0,0000000,99,99,99,99,88,88,19,0,0,1,0
13,130938,1,1,0,1,1,1,1,121,120,6,9,2016,3,6,10,0,2,4,4,6,HAYNES BRIDGE RD,NOTTAWAY LN,4,34.06910000,-84.293708330000,0,8,0,0,3,2,4,1,3,1,0,1,0,0000000,99,98,99,98,88,88,0,0,0,1,0
13,130939,2,2,0,0,0,2,2,139,0,6,9,2016,3,7,36,0,2,4,1,3,SR-60,,52,34.23968889,-83.797547220000,0,12,8,0,1,1,0,1,1,1,0,1,0,0000000,99,99,99,99,99,99,0,0,0,1,0
13,130940,2,2,0,0,0,2,2,213,0,6,9,2016,3,14,16,0,2,4,1,3,SR-286,,43,34.82644722,-84.775636110000,0,12,6,0,1,1,0,1,1,1,0,1,0,0000000,99,99,99,99,99,99,0,0,0,1,0
13,130941,2,2,0,0,0,3,3,321,0,6,9,2016,3,4,20,0,1,3,1,3,SR-32,SR-300,18,31.72625833,-83.987086110000,0,12,6,0,2,2,0,1,2,1,0,1,0,0000000,99,98,99,98,88,88,0,0,0,1,0
13,130942,2,2,0,0,0,2,2,89,1610,7,9,2016,4,7,59,0,2,6,2,4,CR-242 / MCAFEE RD,SHAMROCK DR,3,33.73151389,-84.257308330000,0,12,6,0,2,2,0,1,1,1,0,1,0,0000000,99,98,99,98,88,88,0,0,0,1,0
13,130943,1,1,0,1,1,1,1,51,4910,7,9,2016,4,13,7,1,2,3,1,3,SR-204,WILSHIRE BLVD,177,31.98358889,-81.132652780000,0,8,0,0,3,2,0,1,1,1,0,1,0,0000000,13,8,13,10,13,25,0,0,0,1,0
13,130944,1,1,0,0,0,1,1,121,280,7,9,2016,4,15,0,1,2,1,1,1,I-75,,148,33.83325833,-84.427052780000,0,25,0,0,1,1,0,3,1,1,0,1,0,0000000,99,99,99,99,99,99,0,0,0,1,0
13,130945,2,2,0,0,0,3,3,161,2630,7,9,2016,4,17,56,0,1,4,1,2,US-23 / SR-135,JEFFERSON ST,153,31.86135556,-82.603511110000,0,12,6,0,2,2,0,1,1,1,0,1,0,0000000,99,99,99,99,99,99,0,0,0,1,0
13,130946,2,1,1,0,0,2,2,89,1750,8,9,2016,5,0,53,0,2,4,4,6,TILLY MILL RD,,1,33.91189722,-84.279752780000,0,14,0,0,1,1,0,5,2,1,0,1,0,0000000,99,98,99,98,88,88,0,0,0,2,1
13,130947,2,2,0,0,0,2,2,169,0,8,9,2016,5,7,0,1,2,3,1,2,US-129 / SR-11,JOYCLIFF RD,10,32.90040556,-83.591413890000,0,12,2,0,2,2,0,1,3,1,0,1,0,0000000,7,2,7,7,7,38,0,0,0,1,0
13,130948,1,1,0,0,0,1,1,23,0,9,9,2016,6,18,40,0,1,7,2,4,CR-79 / BUTTS RD,,0,32.47336111,-83.300655560000,0,34,0,0,1,1,0,4,1,1,0,1,0,0000000,99,99,99,99,88,88,0,0,0,1,0
13,130949,2,2,0,0,0,3,3,233,0,9,9,2016,6,6,44,1,1,3,1,2,US-27 / SR-1,,6,33.90698056,-85.237413890000,0,12,1,0,1,1,0,1,2,1,0,1,0,0000000,99,99,99,99,99,99,0,0,0,1,0
13,130950,1,1,0,0,0,1,1,247,1320,9,9,2016,6,6,31,0,2,6,2,4,CR-86 / HI ROC RD,,17,33.70670000,-83.992016670000,0,42,0,0,1,1,0,4,2,1,0,1,0,0000000,99,98,99,98,88,88,0,0,0,1,1
13,130951,1,1,0,1,1,1,1,5,0,10,9,2016,7,0,5,1,1,3,1,2,US-1 / SR-4,,124,31.58753056,-82.461861110000,0,8,0,0,1,1,0,1,2,1,0,1,0,0000000,99,99,99,99,99,99,0,0,0,1,0
13,130952,2,2,0,0,0,2,2,13,0,10,9,2016,7,2,23,1,2,3,1,2,US-29 / SR-316,,48,33.94597778,-83.754325000000,0,12,2,0,1,1,0,1,2,1,0,1,0,0000000,2,23,2,35,88,88,0,0,0,2,1
13,130953,1,1,0,0,0,3,3,31,0,10,9,2016,7,15,2,0,1,7,2,4,CR-53 / HAROLD HOWELL RD,,7,32.57336389,-81.918405560000,0,1,0,0,1,1,0,1,1,1,0,1,0,0000000,99,99,99,99,99,99,0,0,0,1,0
13,130955,1,1,0,0,0,2,2,31,0,11,9,2016,1,1,29,0,1,7,2,4,CR-279 / OLD GROVELAND RD,,28,32.22777500,-81.749811110000,0,1,0,0,1,1,0,1,2,1,0,1,0,0000000,99,98,99,98,88,88,0,0,0,1,1
13,130956,1,1,0,0,0,1,1,67,0,11,9,2016,1,2,25,1,2,1,1,1,I-20,,15,33.77433889,-84.569116670000,0,42,0,0,1,1,0,4,2,1,0,1,0,0000000,99,98,99,98,88,88,0,0,0,1,1
13,130957,2,2,0,0,0,2,2,67,0,11,9,2016,1,9,8,0,2,7,2,4,CR-811 / BULLARD RD,GOVANETT RD,18,33.91160278,-84.692380560000,0,12,2,0,2,3,0,1,1,1,0,1,0,0000000,99,99,99,99,88,88,0,0,0,1,0
13,130958,2,2,0,0,0,4,4,67,0,11,9,2016,1,18,20,1,2,1,1,1,I-20,,28,33.77376389,-84.560408330000,0,12,1,0,1,1,0,1,1,1,0,1,0,0000000,99,98,99,98,88,88,0,0,0,1,1
13,130959,1,1,0,1,1,1,1,21,3390,12,9,2016,2,9,21,0,2,4,1,2,US-41 / FORSYTH RD,N WELLINGTON,167,32.88848889,-83.743322220000,0,8,0,0,3,3,0,1,1,1,0,1,0,0000000,99,99,99,99,99,99,0,0,0,1,0
13,130960,1,1,0,0,0,1,1,45,0,12,9,2016,2,9,0,0,1,7,2,4,CR-557 / DUNCAN RD,,6,33.46815278,-85.036027780000,0,1,0,0,1,1,0,1,1,10,0,10,0,0000000,99,99,99,99,88,88,0,0,0,1,0
13,130961,1,1,0,3,3,2,2,59,270,12,9,2016,2,18,42,0,2,6,2,4,CR-203 / ATHENA DR,,17,33.97339722,-83.321075000000,0,9,0,0,1,1,0,1,1,1,0,1,0,0000000,18,46,18,54,99,99,0,0,0,1,0
13,130962,2,2,0,0,0,3,3,97,0,12,9,2016,2,10,40,0,2,4,1,2,US-78 / SR-8,MANN RD,50,33.72650000,-84.827413890000,0,12,6,0,2,2,4,1,1,10,0,10,0,0000000,99,99,99,99,99,99,0,0,0,1,0
13,130964,1,1,0,0,0,1,1,207,0,12,9,2016,2,2,54,0,1,4,1,2,US-23 / SR-87,,150,33.14431944,-83.836708330000,0,42,0,0,1,1,0,4,2,1,0,1,0,0000000,3,41,3,53,88,88,0,0,0,1,1
13,130965,3,3,0,0,0,4,4,215,1280,12,9,2016,2,12,37,1,2,2,1,2,US-27 ALT / MANCHESTER EXPWY,,140,32.57226944,-84.824819440000,0,12,2,0,1,1,0,1,1,1,0,1,0,0000000,12,38,12,52,88,88,14,0,0,1,0
13,130966,2,2,0,0,0,2,2,271,0,12,9,2016,2,12,12,1,1,3,1,2,US-441 / SR-31,KINNETT RD,135,31.97543611,-82.926652780000,0,12,6,0,2,2,0,1,1,1,0,1,0,0000000,99,98,99,98,88,88,0,0,0,1,0
13,130967,2,2,0,0,0,2,2,299,5850,12,9,2016,2,9,58,1,2,3,1,2,US-23 / OSSIE DAVIS PKWY,MCDONALD ST,20,31.22054444,-82.360597220000,0,12,6,0,2,2,0,1,1,1,0,1,0,0000000,99,99,99,99,99,99,0,0,0,1,0
13,130968,1,1,0,0,0,1,1,313,0,12,9,2016,2,12,35,0,2,4,1,2,US-41 / SR-3,,235,34.81132778,-85.044197220000,0,35,0,0,1,1,0,4,1,1,0,1,0,0000000,99,99,99,99,99,99,0,0,0,1,0
13,130969,1,1,0,0,0,1,1,47,0,13,9,2016,3,14,51,0,2,4,2,4,CR-381 / GRAYSVILLE RD,,19,34.98633889,-85.147522220000,0,10,0,0,6,1,0,1,1,1,0,1,0,340584H,99,98,99,98,88,88,0,0,0,1,0
13,130970,1,1,0,1,1,1,1,89,5220,13,9,2016,3,13,35,1,2,3,1,3,SR-10 / MEMORIAL DR,RAYS RD,90,33.79849444,-84.221175000000,0,8,0,0,3,2,0,1,1,1,0,1,0,0000000,13,35,13,36,14,2,0,0,0,1,0
13,130971,2,2,0,0,0,3,3,45,0,14,9,2016,4,17,1,1,2,3,1,3,SR-61,DOCK HYDE RD,4,33.62133056,-84.995111110000,0,12,6,0,2,2,0,1,1,1,0,1,0,0000000,99,99,99,99,99,99,0,0,0,1,0
13,130972,2,2,0,0,0,2,2,45,0,14,9,2016,4,18,40,0,2,6,2,4,CR-358 / RAINEY RD,TAYLORS GIN RD,37,33.78966944,-84.990566670000,0,12,6,0,2,3,0,1,1,1,0,1,0,0000000,99,99,99,99,88,88,0,0,0,1,0
13,130973,3,3,0,0,0,3,3,51,5480,14,9,2016,4,9,49,1,2,3,1,2,US-80 / SR-26,,222,32.03632222,-81.038147220000,0,12,6,0,1,1,0,1,1,2,0,2,0,0000000,99,99,99,99,99,99,0,0,0,1,0
13,130974,1,1,0,0,0,1,1,97,0,14,9,2016,4,16,30,0,2,4,2,4,CR-817 / LEE RD,,30,33.77241389,-84.653247220000,0,32,0,0,1,1,0,4,1,1,0,1,0,0000000,99,99,99,99,99,99,0,0,0,1,0
13,130975,4,4,0,0,0,5,5,117,0,14,9,2016,4,11,23,1,2,3,1,3,SR-141,LAUREL SPRINGS PKWY,13,34.08448056,-84.161636110000,0,12,6,0,2,2,0,1,1,1,0,1,0,0000000,11,29,11,34,12,20,0,0,0,1,0
13,130976,1,1,0,0,0,2,2,121,280,14,9,2016,4,2,31,0,2,4,1,2,US-19 / SR-9 / PEACHTREE ST,SPRING ST,10,33.79724167,-84.389005560000,0,33,0,0,1,1,0,4,2,1,0,1,0,0000000,99,99,99,99,99,99,0,0,0,1,0
13,130977,1,1,0,0,0,1,1,157,0,14,9,2016,4,16,58,1,2,3,1,2,US-129 / SR-15 ALT,,59,34.06050833,-83.508425000000,0,42,0,0,1,1,0,4,1,1,0,1,0,0000000,99,98,99,98,88,88,0,0,0,1,0
13,130978,2,2,0,0,0,2,2,59,270,15,9,2016,5,15,3,1,2,3,1,2,US-29 / SR-72,OLD HULL RD,2,33.99452222,-83.334205560000,0,12,2,0,2,3,0,1,1,1,0,1,0,0000000,99,99,99,99,99,99,0,0,0,1,0
13,130979,2,2,0,0,0,2,2,145,0,29,7,2016,6,8,4,0,1,5,1,3,SR-116,,125,32.79135556,-84.834583330000,0,12,2,0,1,1,0,1,1,1,0,1,0,0000000,99,99,99,99,99,99,0,0,0,1,0
13,130980,2,2,0,0,0,2,2,67,0,15,9,2016,5,99,99,1,2,1,1,1,I-75,,26,33.91157222,-84.478666670000,0,5,0,0,1,1,1,1,2,1,0,1,0,0000000,1,38,1,41,88,88,0,0,0,1,0
13,130981,2,2,0,0,0,2,2,219,0,15,9,2016,5,6,40,1,1,3,1,3,SR-24,,22,33.74236389,-83.430997220000,0,1,0,0,1,1,0,1,2,1,0,1,0,0000000,99,99,99,99,99,99,0,0,0,1,0
13,130982,1,1,0,0,0,2,2,247,0,15,9,2016,5,19,36,0,2,4,2,4,CR-SMYRNA ROAD,,21,33.64495000,-84.052883330000,0,38,0,0,1,1,0,5,1,1,0,1,0,0000000,99,98,99,98,88,88,0,0,0,2,0
13,130983,2,2,0,0,0,5,5,15,980,16,9,2016,6,23,35,1,1,3,1,3,SR-20,,71,34.22110833,-84.912358330000,0,12,1,0,1,1,0,1,2,1,0,1,0,0000000,99,99,99,99,99,99,0,0,0,3,0
13,130984,1,1,0,1,1,1,1,63,2970,16,9,2016,6,2,34,1,2,3,1,3,SR-3,,75,33.52976667,-84.363275000000,0,8,0,0,1,1,0,1,2,1,0,1,0,0000000,99,99,99,99,99,99,0,0,0,1,0
13,130985,1,1,0,0,0,2,2,89,0,16,9,2016,6,5,5,0,2,3,1,3,SR-12,,117,33.70123889,-84.085319440000,0,42,0,0,1,1,0,4,2,1,0,1,0,0000000,5,5,5,14,88,88,0,0,0,2,1
13,130986,1,1,0,4,4,1,1,95,90,16,9,2016,6,7,2,0,2,4,4,6,NORTH MOCK ROAD,LEONARD AVENUE,2,31.57591111,-84.094708330000,0,8,0,0,3,2,0,1,1,1,0,1,0,0000000,7,5,7,12,7,43,0,0,0,1,0
13,130987,1,1,0,0,0,1,1,125,3680,16,9,2016,6,16,38,0,1,7,4,6,SAND HIL ROAD,,15,33.23978611,-82.714625000000,0,35,0,0,1,1,0,4,1,1,0,1,0,0000000,99,98,99,98,88,88,0,0,0,1,1
13,130988,1,1,0,0,0,1,1,131,850,16,9,2016,6,6,19,0,2,5,4,6,HADLEY FERRY ROAD,,17,30.81714444,-84.214747220000,0,42,0,0,1,1,0,4,2,1,0,1,0,0000000,99,99,99,99,88,88,20,0,0,1,0
13,130989,1,1,0,0,0,1,1,135,3100,16,9,2016,6,11,38,0,2,7,4,6,SHADYBROOK COURT,RIDGEDALE DRIVE,2,34.01826389,-83.982677780000,0,42,0,0,3,3,0,4,1,1,0,1,0,0000000,11,39,11,42,12,0,0,0,0,1,1
13,130990,1,1,0,0,0,4,4,249,0,16,9,2016,6,16,36,0,1,7,2,4,CR-TRICE ROAD,,8,32.28918056,-84.366936110000,0,35,0,0,1,1,0,4,1,1,0,1,0,0000000,99,99,99,99,99,99,0,0,0,1,0
13,130991,2,2,0,0,0,4,4,253,1740,16,9,2016,6,19,30,0,1,4,4,6,NORTH TENNILE AVENUE,,44,31.04523611,-84.879075000000,0,12,2,0,1,1,0,1,1,1,0,1,0,0000000,99,99,99,99,99,99,20,0,0,1,0
13,130992,1,1,0,0,0,5,5,301,0,16,9,2016,6,6,9,0,1,4,1,3,SR-12,,170,33.42141111,-82.617038890000,0,30,0,0,1,1,0,4,1,1,0,1,0,0000000,99,99,99,99,99,99,0,0,0,2,0
13,130993,1,1,0,0,0,1,1,15,3020,17,9,2016,7,22,59,1,1,3,1,3,SR-20,,65,34.22085556,-84.913658330000,0,42,0,0,1,1,0,4,2,1,0,1,0,0000000,99,99,99,99,88,88,0,0,0,1,1
13,130994,1,1,0,0,0,4,4,115,4760,17,9,2016,7,17,47,0,1,7,4,6,BOOGER HOLLOW ROAD,,43,34.13885833,-85.227369440000,0,30,0,0,1,1,0,4,1,1,0,1,0,0000000,18,5,18,16,19,27,0,0,0,1,0
13,130995,1,1,0,1,1,1,1,121,280,17,9,2016,7,4,52,1,2,1,1,1,I-75(RAMP),,98,33.77786389,-84.390700000000,0,8,0,1,5,1,0,1,3,1,0,1,0,0000000,99,99,99,99,99,99,0,0,0,1,0
13,130996,2,2,0,0,0,2,2,135,3100,17,9,2016,7,10,20,0,2,6,4,6,JOHNSON ROAD,DANIEL LANE,7,33.92958056,-84.013391670000,0,12,6,0,2,3,0,1,1,1,0,1,0,0000000,99,98,99,98,88,88,0,0,0,1,0
13,130997,1,1,0,0,0,3,3,269,810,17,9,2016,7,21,58,0,1,7,2,4,CR-173,CR-165,28,32.51750278,-84.166750000000,0,35,0,0,3,3,0,4,2,1,0,1,0,0000000,99,99,99,99,99,99,0,0,0,1,0
13,130998,1,1,0,0,0,1,1,45,970,18,9,2016,1,19,9,0,1,6,1,3,SR-5,,157,33.46266944,-85.010177780000,0,42,0,0,1,1,0,4,1,2,0,2,0,0000000,99,99,99,99,99,99,0,0,0,1,0
13,130999,2,2,0,0,0,5,5,67,0,18,9,2016,1,16,39,1,2,3,1,3,SR-280,,9,33.91260278,-84.546336110000,0,12,6,0,1,1,0,1,1,2,0,2,0,0000000,16,39,16,42,17,9,0,0,0,1,1
13,131000,2,2,0,0,0,5,5,129,860,18,9,2016,1,15,53,0,2,5,1,3,SR-156,,167,34.52759722,-84.866577780000,0,12,6,0,1,1,0,1,1,2,0,2,0,0000000,99,99,99,99,99,99,0,0,0,1,0
13,131001,1,1,0,0,0,1,1,175,1848,18,9,2016,1,8,42,0,1,7,4,6,ROBERT WEBB ROAD,,16,32.52251944,-82.771055560000,0,43,0,0,1,1,0,4,1,10,0,10,0,0000000,99,98,99,98,88,88,0,0,0,1,1
13,131002,1,1,0,1,1,1,1,177,3120,18,9,2016,1,1,16,1,2,3,1,3,SR-3,,5,31.63059444,-84.176905560000,0,8,0,0,1,1,0,1,2,10,0,10,0,0000000,99,98,99,98,88,88,0,0,0,1,0
13,131003,2,2,0,0,0,2,2,319,0,18,9,2016,1,4,3,0,1,5,1,3,SR-96,,29,32.69615000,-83.258163890000,0,12,1,0,1,1,0,1,2,1,0,1,0,0000000,99,98,99,98,88,88,0,0,0,1,1
13,131004,1,1,0,1,1,1,1,89,1610,19,9,2016,2,0,1,0,2,4,4,6,CANDLER ROAD,RAINBOW DRIVE,82,33.71140833,-84.271622220000,0,8,0,0,3,3,0,1,2,1,0,1,0,0000000,1,59,2,10,2,50,0,0,0,1,0
13,131005,2,2,0,0,0,2,2,103,0,19,9,2016,2,11,34,1,1,3,1,3,SR-21,,57,32.31327778,-81.245661110000,0,12,6,0,1,1,0,1,1,10,0,10,0,0000000,11,34,11,56,12,22,0,0,0,1,0
13,131006,2,2,0,0,0,2,2,149,2230,19,9,2016,2,13,16,1,1,3,1,3,SR-1,CENTRAL HATCHEE PARKWAY,145,33.35795833,-85.106583330000,0,12,6,0,2,3,0,1,1,1,0,1,0,0000000,99,98,99,98,88,88,0,0,0,1,0
13,131007,2,2,0,0,0,6,6,217,0,19,9,2016,2,14,55,0,2,4,1,3,SR-162,,94,33.53393333,-83.918036110000,0,12,6,0,1,1,0,1,1,1,0,1,1,0000000,99,99,99,99,99,99,0,0,0,3,0
13,131008,2,2,0,0,0,3,3,313,0,19,9,2016,2,20,38,1,2,1,1,1,I-75,,81,34.72181667,-85.006855560000,0,24,0,0,1,1,0,3,2,1,0,1,0,0000000,99,99,99,99,99,99,0,0,0,1,0
13,131009,1,1,0,1,1,1,1,59,270,20,9,2016,3,20,8,0,2,6,4,6,NELLIE B AVENUE,MARTIN CIRCLE,2,33.95561389,-83.347608330000,0,9,0,0,2,2,0,1,2,1,0,1,0,0000000,99,98,99,98,88,88,0,0,0,1,0
13,131010,2,2,0,0,0,2,2,121,0,20,9,2016,3,12,51,1,2,3,1,3,SR-138,OLD JONESBORO ROAD,58,33.55547222,-84.501672220000,0,12,6,0,2,3,1,1,1,1,0,1,0,0000000,12,51,13,41,88,88,0,0,0,1,0
13,131011,1,1,0,1,1,1,1,121,280,20,9,2016,3,6,45,1,2,3,4,6,MORELAND AVENUE,GRACEWOOD AVENUE,30,33.73292778,-84.349327780000,0,8,0,0,3,3,0,1,3,1,0,1,0,0000000,99,98,99,98,88,88,0,0,0,1,0
13,131012,1,1,0,1,1,3,3,139,2285,20,9,2016,3,6,20,1,2,2,1,1,I-985,,167,34.27871944,-83.810888890000,0,8,0,0,1,1,0,1,2,1,0,1,0,0000000,99,99,99,99,99,99,0,0,0,1,0
13,131013,1,1,0,0,0,2,2,223,9997,20,9,2016,3,2,15,0,1,4,1,3,SR-101,,32,33.89327500,-85.002352780000,0,1,0,0,1,1,0,1,2,1,0,1,0,0000000,99,99,99,99,99,99,0,0,0,1,0
13,131014,2,2,0,0,0,2,2,15,30,21,9,2016,4,17,6,0,1,6,4,6,WAYSIDE ROAD,,27,34.33461944,-84.995894440000,0,12,2,0,1,1,0,1,1,1,0,1,0,0000000,99,98,99,98,88,88,0,0,0,2,0
13,131015,1,1,0,0,0,1,1,67,0,21,9,2016,4,11,3,0,2,6,2,4,CR-NEW MCEVER ROAD,,8,34.05979722,-84.637183330000,0,10,0,0,6,1,1,1,1,1,0,1,0,717300L,11,5,11,25,11,44,0,0,0,1,0
13,131016,1,1,0,0,0,3,3,121,0,21,9,2016,4,2,25,1,2,1,1,1,I-285,,71,33.72046667,-84.502491670000,0,42,0,0,1,1,1,4,2,1,0,1,0,0000000,2,25,2,45,3,30,0,0,0,1,1
13,131017,1,1,0,0,0,1,1,285,0,21,9,2016,4,15,25,1,2,1,1,1,I-185,,117,33.01907500,-84.952125000000,0,1,0,0,1,1,0,1,1,1,0,1,0,0000000,99,99,99,99,88,88,0,0,0,1,0
13,131018,1,1,0,1,1,1,1,77,0,22,9,2016,5,6,30,0,2,7,2,4,CR-WILLIS ROAD,,2,33.35988333,-84.657752780000,0,8,0,0,1,1,0,1,2,1,0,1,0,0000000,99,99,99,99,99,99,0,0,0,1,0
13,131019,1,1,0,1,1,1,1,121,280,22,9,2016,5,20,35,0,2,4,4,6,CLEVELAND AVENUE,THIRD AVENUE,23,33.68119167,-84.402811110000,0,8,0,0,2,3,0,1,3,1,0,1,0,0000000,99,99,99,99,99,99,0,0,0,1,0
13,131020,2,2,0,0,0,3,3,185,9997,22,9,2016,5,17,25,0,2,6,4,6,CAT CREEK ROAD,,37,30.98665278,-83.242913890000,0,12,2,0,1,1,0,1,1,1,0,1,0,0000000,99,99,99,99,99,99,0,0,0,1,0
13,131021,1,1,0,1,1,1,1,253,0,22,9,2016,5,8,29,0,1,7,2,4,CR-STAPLETON DRIVE,,10,30.79129444,-84.846686110000,0,8,0,0,1,1,0,1,4,1,0,1,0,0000000,99,98,99,98,88,88,0,0,0,1,0
13,131022,1,1,0,0,0,1,1,9,9997,23,9,2016,6,5,56,0,1,5,1,3,SR-243,,23,32.98279722,-83.273822220000,0,35,0,0,1,1,0,4,2,1,0,1,0,0000000,99,98,99,98,88,88,0,0,0,1,0
13,131023,2,2,0,0,0,2,2,71,0,23,9,2016,6,12,20,0,1,3,1,3,SR-33,,191,31.29678333,-83.820255560000,0,12,2,0,1,1,0,1,1,1,0,1,0,0000000,99,98,99,98,88,88,0,0,0,2,0
13,131024,1,1,0,0,0,1,1,143,690,23,9,2016,6,14,5,0,1,7,4,6,CORINTH POSEYVILLE ROAD,,10,33.76914722,-85.146730560000,0,42,0,0,1,1,0,4,1,1,0,1,0,0000000,99,98,99,98,88,88,0,0,0,1,0