STATE,ST_CASE,VE_TOTAL,VE_FORMS,PVH_INVL,PEDS,PERNOTMVIT,PERMVIT,PERSONS,COUNTY,CITY,DAY,MONTH,YEAR,DAY_WEEK,HOUR,MINUTE,NHS,RUR_URB,FUNC_SYS,RD_OWNER,ROUTE,TWAY_ID,TWAY_ID2,MILEPT,LATITUDE,LONGITUD,SP_JUR,HARM_EV,MAN_COLL,RELJCT1,RELJCT2,TYP_INT,WRK_ZONE,REL_ROAD,LGT_COND,WEATHER1,WEATHER2,WEATHER,SCH_BUS,RAIL,NOT_HOUR,NOT_MIN,ARR_HOUR,ARR_MIN,HOSP_HR,HOSP_MN,CF1,CF2,CF3,FATALS,DRUNK_DR
13,131025,2,2,0,0,0,2,2,157,0,23,9,2016,6,3,40,1,2,1,1,1,I-85,,97,34.20067500,-83.565125000000,0,12,2,0,1,1,0,1,2,1,0,1,0,0000000,99,99,99,99,99,99,20,0,0,1,0
13,131026,1,1,0,0,0,2,2,285,0,23,9,2016,6,20,31,0,1,7,2,4,CR-OLD CHIPLEY ROAD,,26,32.89655278,-84.876172220000,0,53,0,0,1,1,0,4,2,1,0,1,0,0000000,99,99,99,99,99,99,0,0,0,1,0
13,131027,1,1,0,0,0,1,1,29,4300,24,9,2016,7,11,0,0,1,7,4,6,SOUTH POPLAR STREET,,3,32.13240278,-81.630186110000,0,53,0,0,1,1,0,4,1,1,0,1,0,0000000,99,98,99,98,88,88,0,0,0,1,0
13,131028,1,1,0,1,1,1,1,59,270,24,9,2016,7,1,41,1,2,3,1,3,SR-10,,118,33.97707222,-83.380680560000,0,8,0,0,1,1,0,1,2,1,0,1,0,0000000,99,98,99,98,88,88,0,0,0,1,0
13,131029,1,1,0,0,0,1,1,121,280,24,9,2016,7,13,58,1,2,1,1,1,I-285,,46,33.68948889,-84.499941670000,0,52,0,0,1,1,0,4,1,1,0,1,0,0000000,99,99,99,99,99,99,0,0,0,1,0
13,131030,2,2,0,0,0,5,5,121,9997,24,9,2016,7,4,57,0,2,4,4,6,ABBOTTS BRIDGE ROAD,,169,34.03323889,-84.167947220000,0,12,2,0,1,1,0,1,3,1,0,1,0,0000000,99,99,99,99,99,99,0,0,0,1,1
13,131031,1,1,0,0,0,1,1,131,5900,24,9,2016,7,7,42,0,1,7,4,6,MELTON BRINSON ROAD,,13,30.86864444,-84.358802780000,0,53,0,0,1,1,0,4,1,1,0,1,0,0000000,99,98,99,98,88,88,0,0,0,1,0
13,131032,1,1,0,1,1,1,1,51,4910,25,9,2016,1,1,55,0,1,5,1,3,SR-204,,50,32.03467778,-81.325361110000,0,8,0,0,1,1,0,1,2,1,0,1,0,0000000,1,53,2,7,88,88,0,0,0,1,0
13,131033,1,1,0,0,0,1,1,59,270,25,9,2016,1,21,57,1,2,3,1,3,SR-10,,170,33.93660556,-83.465666670000,0,1,0,0,1,1,0,1,2,1,0,1,0,0000000,99,98,99,98,88,88,0,0,0,1,0
13,131034,2,2,0,0,0,4,4,121,5640,25,9,2016,1,20,15,0,2,7,4,6,ROYAL S. PARKWAY,,12,33.59306667,-84.503927780000,0,12,2,0,1,1,0,1,2,1,0,1,0,0000000,99,98,99,98,88,88,0,0,0,3,0
13,131035,1,1,0,1,1,1,1,161,2630,25,9,2016,1,22,0,0,1,7,4,6,HATTON STILL ROAD,,15,31.85718889,-82.598166670000,0,8,0,0,1,1,0,1,2,1,0,1,0,0000000,99,99,99,99,88,88,0,0,0,1,0
13,131036,2,2,0,1,1,3,3,205,880,25,9,2016,1,16,50,0,2,4,1,3,SR-112,,105,31.22535278,-84.211455560000,0,9,0,0,8,1,0,1,1,1,0,1,0,0000000,99,98,99,98,88,88,0,0,0,1,0
13,131037,1,1,0,1,1,1,1,29,0,26,9,2016,2,5,2,1,1,3,1,3,SR-30,,10,32.14618889,-81.761538890000,0,8,0,0,1,1,0,1,2,1,0,1,0,0000000,99,98,99,98,88,88,0,0,0,1,0
13,131038,2,2,0,0,0,2,2,285,0,26,9,2016,2,6,15,1,2,1,1,1,I-185,,107,33.00874444,-84.953219440000,0,12,1,0,1,1,0,1,2,1,0,1,0,0000000,99,98,99,98,88,88,0,0,0,1,0
13,131039,2,2,0,0,0,2,2,47,9997,27,9,2016,3,6,8,0,1,4,1,3,SR-2,,142,34.89918056,-85.043286110000,0,12,2,0,1,1,0,1,2,10,0,10,0,0000000,99,99,99,99,99,99,0,0,0,1,1
13,131040,2,2,0,0,0,2,2,71,3800,27,9,2016,3,8,2,0,1,4,1,3,SR-37,,201,31.18475278,-83.699366670000,0,12,6,0,1,1,0,1,1,10,0,10,0,0000000,99,98,99,98,88,88,0,0,0,1,0
13,131041,1,1,0,0,0,1,1,75,40,27,9,2016,3,15,59,0,1,5,4,6,MASSEY POST ROAD,,35,31.20330833,-83.358286110000,0,42,0,0,1,1,0,4,1,1,0,1,0,0000000,99,98,99,98,88,88,0,0,0,1,1
13,131042,2,2,0,0,0,2,2,103,2520,27,9,2016,3,6,2,0,1,6,4,6,OLD DIXIE HIGHWAY,SISTERS FERRY ROAD,22,32.40895278,-81.318188890000,0,12,6,0,2,3,0,1,4,5,0,5,0,0000000,99,98,99,98,88,88,0,0,0,1,0
13,131043,2,2,0,0,0,7,7,153,5790,27,9,2016,3,17,39,0,2,6,4,6,NORTH HOUSTON ROAD,GAWIN DRIVE,23,32.64319167,-83.641344440000,0,12,6,0,2,3,0,1,1,1,0,1,0,0000000,17,40,17,47,18,6,0,0,0,1,1
13,131044,1,1,0,1,1,1,1,179,2730,27,9,2016,3,23,11,1,2,3,1,3,SR-38,,71,31.85164722,-81.582494440000,0,8,0,0,8,1,0,1,3,10,0,10,0,0000000,23,12,23,18,23,43,0,0,0,1,0
13,131045,1,1,0,0,0,1,1,133,0,28,9,2016,4,12,13,1,1,1,1,1,I-20,,91,33.54713611,-83.107861110000,0,34,0,0,1,1,0,4,1,1,0,1,0,0000000,99,98,99,98,88,88,0,0,0,1,0
13,131046,2,2,0,0,0,4,4,247,1320,28,9,2016,4,9,31,0,2,4,4,6,FLAT SHOALS ROAD,,8,33.63406389,-83.993316670000,0,12,6,0,1,1,0,1,1,1,0,1,0,0000000,99,99,99,99,99,99,0,0,0,1,0
13,131047,1,1,0,0,0,1,1,293,0,28,9,2016,4,15,37,1,1,3,1,3,SR-3,,104,32.82661111,-84.306172220000,0,59,0,0,1,1,0,4,1,1,0,1,0,0000000,99,99,99,99,99,99,0,0,0,1,0
13,131048,1,1,0,0,0,2,2,121,280,29,9,2016,5,11,42,1,2,2,1,3,SR-166,,253,33.69482778,-84.499911110000,0,25,0,0,1,1,0,3,1,1,0,1,0,0000000,99,99,99,99,88,88,0,0,0,1,0
13,131049,2,2,0,0,0,4,4,51,4910,30,9,2016,6,22,3,0,2,7,4,6,TOWN CENTER DRIVE,DEAN FOREST ROAD,9,32.06621667,-81.206072220000,0,12,6,0,2,2,0,1,2,1,0,1,0,0000000,22,2,22,4,22,45,0,0,0,1,1
13,131050,2,1,1,0,0,1,1,95,90,30,9,2016,6,16,44,1,2,3,4,6,WEST OGLETHORPE BLVD.,S. HARDING STREET,32,31.57532500,-84.170652780000,0,33,0,0,3,2,0,4,1,1,0,1,0,0000000,99,99,99,99,99,99,0,0,0,1,0
13,131051,1,1,0,0,0,1,1,135,1470,30,9,2016,6,2,39,0,2,4,1,3,SR-8,SR-316,181,33.98322500,-83.926236110000,0,26,0,0,3,2,0,3,2,1,0,1,0,0000000,2,39,2,48,3,12,0,0,0,1,0
13,131052,2,2,0,0,0,3,3,255,0,30,9,2016,6,13,46,0,2,6,2,4,CR-ROVER ZETELLA ROAD,,15,33.23604167,-84.380813890000,0,12,2,0,1,1,0,1,1,1,0,1,0,0000000,99,99,99,99,99,99,0,0,0,2,0
13,131053,1,1,0,0,0,1,1,215,1280,2,7,2016,7,3,0,0,2,7,2,4,CR-1862 / MILGEN RD,,20,32.51989722,-84.906366670000,0,35,0,0,1,1,0,4,3,1,0,1,0,0000000,3,8,3,13,3,50,0,0,0,1,1
13,131054,1,1,0,1,1,1,1,89,0,12,8,2016,6,6,15,0,2,4,2,4,CR-5154 / COLUMBIA DR,SANTA MONICA DR,25,33.74507222,-84.260594440000,0,8,0,0,3,3,0,1,2,1,0,1,0,0000000,6,10,6,15,6,30,0,0,0,1,0
13,131055,1,1,0,0,0,5,5,237,0,30,9,2016,6,0,52,0,1,6,2,4,CR-90 / M L KING JR DR,,11,33.29717500,-83.334802780000,0,38,0,0,1,1,0,5,2,1,0,1,0,0000000,0,51,1,1,2,20,0,0,0,1,1
13,131056,1,1,0,0,0,1,1,45,0,1,10,2016,7,1,0,1,2,3,1,3,SR-166,,118,33.55928889,-85.130688890000,0,35,0,0,1,1,0,4,2,1,0,1,0,0000000,99,98,99,98,88,88,0,0,0,1,1
13,131057,1,1,0,1,1,2,2,67,0,1,10,2016,7,21,18,0,2,4,1,4,CR-7592 / CANTON RD,,26,34.03905556,-84.528436110000,0,8,0,0,1,1,0,1,3,1,0,1,0,0000000,21,18,21,21,21,45,0,0,0,1,0
13,131058,1,1,0,0,0,2,2,311,0,1,10,2016,7,18,58,1,1,3,1,2,US-129 / SR-75 ALT,,97,34.62487500,-83.805986110000,0,1,0,0,1,1,0,4,1,1,0,1,0,0000000,99,98,99,98,88,88,0,0,0,2,1
13,131059,1,1,0,0,0,1,1,311,0,1,10,2016,7,21,45,0,1,5,2,4,CR-200 / TOWN CREEK RD,,5,34.60463611,-83.857230560000,0,35,0,0,1,1,0,4,2,1,0,1,0,0000000,99,99,99,99,99,99,0,0,0,1,0
13,131060,3,3,0,0,0,4,4,67,0,2,10,2016,1,17,9,0,2,7,2,4,CR-1082 / SANDTOWN RD,WESTSIDE DR,12,33.93254167,-84.555436110000,0,12,11,0,2,3,0,1,1,1,0,1,0,0000000,17,9,17,12,17,35,0,0,0,1,0
13,131061,2,2,0,0,0,2,2,119,0,2,10,2016,1,9,46,1,1,3,1,3,SR-17,LANKFORD RD,92,34.41303611,-83.098677780000,0,12,2,0,2,3,0,1,1,1,0,1,0,0000000,9,41,9,48,88,88,0,0,0,1,0
13,131062,1,1,0,0,0,1,1,127,0,2,10,2016,1,2,7,0,2,7,2,4,CR-246 / MALLERY ST,,5,31.14572778,-81.391027780000,0,1,0,0,1,1,0,4,2,1,0,1,0,0000000,2,8,2,11,3,28,0,0,0,1,0
13,131063,2,2,0,0,0,4,4,135,3100,2,10,2016,1,16,40,1,2,2,1,3,SR-316,,57,33.96036111,-84.033083330000,0,12,7,0,1,1,0,1,1,1,0,1,0,0000000,16,44,16,51,17,11,0,0,0,1,0
13,131064,1,1,0,0,0,4,4,9,3620,3,10,2016,2,21,40,1,2,3,1,2,US-441 / SR-29,,97,33.10359167,-83.260688890000,0,33,0,0,1,1,0,4,3,1,0,1,0,0000000,99,99,99,99,99,99,0,0,0,2,0
13,131065,2,2,0,0,0,2,2,97,0,3,10,2016,2,16,1,1,2,3,1,3,SR-92,HILLTOP DR,84,33.74853056,-84.704836110000,0,12,6,0,2,2,0,1,1,1,0,1,0,0000000,16,0,16,6,16,45,0,0,0,1,0
13,131066,1,1,0,0,0,1,1,143,0,3,10,2016,2,10,18,0,1,7,2,4,CR-468 / WINDRIDGE RD,,0,33.87105278,-85.071961110000,0,35,0,0,1,1,0,4,1,1,0,1,0,0000000,99,98,99,98,88,88,0,0,0,1,0
13,131067,1,1,0,1,1,1,1,165,3630,3,10,2016,2,19,40,1,1,3,1,2,US-25 / SR-121,,144,32.80464444,-81.949097220000,0,8,0,0,1,1,0,1,2,1,0,1,0,0000000,99,98,99,98,88,88,0,0,0,1,0
13,131068,1,1,0,0,0,1,1,223,0,3,10,2016,2,6,42,0,1,4,1,3,SR-101,,4,33.80505278,-84.973508330000,0,32,0,0,1,1,0,4,1,1,0,1,0,0000000,6,42,6,52,7,57,0,0,0,1,0
13,131069,1,1,0,0,0,1,1,281,0,3,10,2016,2,10,8,0,1,5,1,3,SR-288,,33,34.92813889,-83.759347220000,0,1,0,0,1,1,0,1,1,1,0,1,0,0000000,99,98,99,98,88,88,0,0,0,1,0
13,131070,1,1,0,1,1,2,2,63,4690,4,10,2016,3,20,25,1,2,3,1,3,SR-85,KING RD,44,33.57875556,-84.411950000000,0,8,0,0,1,1,0,11,3,1,0,1,0,0000000,20,25,20,29,20,58,0,0,0,1,0
13,131071,1,1,0,1,1,1,1,115,4760,4,10,2016,3,6,42,1,2,3,1,2,US-27 / SR-1,MCDONALD ST,139,34.26496111,-85.180088890000,0,8,0,0,2,3,0,1,2,1,0,1,0,0000000,6,43,6,50,7,0,0,0,0,1,0
13,131072,3,3,0,0,0,6,6,185,0,4,10,2016,3,4,56,1,1,1,1,1,I-75,,9,30.63706389,-83.183302780000,0,12,2,0,1,1,0,1,2,10,0,10,0,0000000,4,53,5,4,6,22,0,0,0,2,0
13,131073,2,2,0,0,0,2,2,21,3390,5,10,2016,4,8,51,1,2,3,1,2,US-41 / PIO NONO AVE,DEWEY ST,90,32.78513611,-83.666761110000,0,12,2,0,1,1,0,11,1,1,0,1,0,0000000,8,53,9,4,9,28,0,0,0,1,0
13,131074,1,1,0,1,1,1,1,45,5730,5,10,2016,4,22,30,0,2,4,1,3,SR-101,,6,33.73270833,-84.938838890000,0,8,0,0,1,1,0,1,2,1,0,1,0,0000000,22,29,22,35,88,88,0,0,0,1,0
13,131075,1,1,0,1,1,1,1,95,90,5,10,2016,4,22,18,1,2,3,1,2,US-19 / W OGLETHORPE BLVD,,43,31.57529444,-84.151458330000,0,8,0,0,1,1,0,1,3,1,0,1,0,0000000,99,99,99,99,99,99,0,0,0,1,0
13,131076,1,1,0,0,0,1,1,119,0,5,10,2016,4,5,30,0,1,4,1,2,US-29 / SR-8,,23,34.27028889,-83.166361110000,0,32,0,0,1,1,0,4,2,1,0,1,0,0000000,8,24,8,24,8,48,0,0,0,1,0
13,131078,1,1,0,0,0,1,1,153,5790,5,10,2016,4,0,22,0,2,3,4,6,RUSSELL PKWY,,29,32.59158611,-83.674663890000,0,59,0,0,1,1,0,4,3,1,0,1,0,0000000,0,22,0,39,1,0,0,0,0,1,1
13,131079,3,3,0,0,0,6,6,285,0,5,10,2016,4,12,44,0,1,4,1,2,US-29 / SR-14,,226,33.07701111,-84.948800000000,0,12,2,0,1,1,0,1,1,1,0,1,0,0000000,99,99,99,99,99,99,0,0,0,2,0
13,131080,1,1,0,0,0,1,1,113,0,6,10,2016,5,16,45,0,1,6,2,4,CR-171 / BROOKS RD,,16,33.26576389,-84.466525000000,0,32,0,0,1,1,2,4,1,1,0,1,0,0000000,99,98,99,98,88,88,0,0,0,1,0
13,131081,2,2,0,0,0,4,4,21,3390,7,10,2016,6,20,27,0,2,6,2,4,CR-740 / FULTON MILL RD,,67,32.77284167,-83.756188890000,0,12,2,0,1,1,0,1,3,10,0,10,0,0000000,20,27,20,37,21,28,0,0,0,1,0
13,131082,2,2,0,0,0,6,6,23,0,7,10,2016,6,0,26,0,1,4,1,3,SR-87,COLEY STATION RD,107,32.44557222,-83.379083330000,0,12,6,0,2,2,0,1,2,1,0,1,0,0000000,0,34,0,45,1,49,0,0,0,1,0
13,131083,1,1,0,1,1,4,4,115,0,7,10,2016,6,22,5,0,2,7,2,4,CR-144 / BERT RD,,2,34.31213611,-85.100658330000,0,8,0,0,1,1,0,1,2,1,0,1,0,0000000,22,5,22,13,22,37,0,0,0,1,0
13,131084,1,1,0,0,0,1,1,31,0,8,10,2016,7,7,20,0,2,6,2,4,CR-429 / BURKHALTER RD,,21,32.43236389,-81.680400000000,0,16,0,0,1,1,0,1,2,2,0,2,0,0000000,99,98,99,98,88,88,0,0,0,1,0
13,131085,1,1,0,2,2,1,1,113,2110,8,10,2016,7,9,37,0,2,6,2,4,CR-39 / HOOD AVE,,18,33.45686389,-84.465875000000,0,8,0,0,1,1,0,4,1,1,0,1,0,0000000,9,41,9,47,10,17,0,0,0,1,0
13,131086,1,1,0,0,0,2,2,133,0,8,10,2016,7,99,99,1,1,1,1,1,I-20,,115,33.54493611,-83.074133330000,0,1,0,0,1,1,0,1,1,1,0,1,0,0000000,17,35,17,42,18,9,0,0,0,1,1
13,131087,1,1,0,0,0,1,1,219,0,8,10,2016,7,9,7,0,2,6,1,3,SR-15,,92,33.83641667,-83.382872220000,0,32,0,0,1,1,0,4,1,1,0,1,0,0000000,99,98,99,98,88,88,0,0,0,1,0
13,131088,1,1,0,0,0,2,2,39,0,9,10,2016,1,23,59,1,1,1,1,1,I-95,,118,30.89956111,-81.685730560000,0,42,0,0,1,1,0,4,2,10,0,10,0,0000000,0,11,0,26,1,14,0,0,0,1,0
13,131089,1,1,0,0,0,2,2,47,0,9,10,2016,1,16,16,1,2,1,1,1,I-75,,85,34.92439722,-85.150538890000,0,42,0,0,1,1,0,5,1,1,0,1,0,0000000,99,98,99,98,88,88,0,0,0,1,0
13,131090,1,1,0,0,0,1,1,63,1250,9,10,2016,1,20,30,0,2,4,1,3,SR-139,,40,33.62178611,-84.448522220000,0,30,0,0,1,1,0,4,3,1,0,1,0,0000000,99,98,99,98,88,88,0,0,0,1,0
13,131091,3,3,0,0,0,5,5,9,0,10,10,2016,2,23,46,0,1,5,2,4,CR-472 / LAKE LAUREL RD,,23,33.11918333,-83.186213890000,0,12,2,0,1,1,0,2,2,1,0,1,0,0000000,99,99,99,99,99,99,0,0,0,2,0
13,131092,1,1,0,0,0,1,1,15,0,10,10,2016,2,2,6,0,2,4,2,4,CR-630 / CASS WHITE RD,,21,34.25651667,-84.844391670000,0,34,0,0,1,1,0,4,2,1,0,1,0,0000000,88,88,88,88,88,88,0,0,0,1,0
13,131093,1,1,0,0,0,1,1,63,2970,10,10,2016,2,9,44,0,2,7,2,4,CR-506 / BROWN RD,,2,33.49066944,-84.364338890000,0,35,0,0,1,1,0,4,1,1,0,1,0,0000000,99,98,99,98,88,88,0,0,0,1,0
13,131094,1,1,0,1,1,1,1,121,0,10,10,2016,2,18,42,0,2,4,2,4,CR-1385 / BUFFINGTON RD,,12,33.60513611,-84.499775000000,0,8,0,0,1,1,1,1,5,1,0,1,0,0000000,18,42,18,43,19,11,0,0,0,1,0
13,131095,2,2,0,0,0,2,2,151,0,11,10,2016,3,21,7,0,2,4,1,3,SR-81,,61,33.42629722,-84.218258330000,0,12,2,0,1,1,0,1,2,1,0,1,0,0000000,21,8,21,20,23,25,0,0,0,1,0
13,131096,1,1,0,1,1,1,1,217,1380,11,10,2016,3,23,36,0,2,4,1,3,SR-142,,129,33.62599444,-83.833763890000,0,8,0,0,1,1,0,1,2,1,0,1,0,0000000,88,88,88,88,88,88,0,0,0,1,0
13,131097,1,1,0,1,1,1,1,73,0,12,10,2016,4,20,1,0,2,4,2,4,CR-573 / WHEELER RD,,9,33.48781667,-82.124333330000,0,8,0,0,1,1,0,1,2,1,0,1,0,0000000,20,3,20,6,88,88,0,0,0,1,0
13,131098,1,1,0,1,1,1,1,89,0,12,10,2016,4,23,21,0,2,4,1,2,US-23 / BUFORD HWY,,81,33.91681667,-84.259308330000,0,8,0,0,1,1,0,1,3,1,0,1,0,0000000,99,98,99,98,88,88,0,0,0,1,0
13,131099,2,2,0,0,0,2,2,103,0,13,10,2016,5,11,8,0,1,4,1,2,US-80 / SR-26,,54,32.15093056,-81.349711110000,0,12,2,0,1,1,0,1,1,1,0,1,0,0000000,11,9,11,10,11,59,0,0,0,1,0
13,131100,2,2,0,0,0,45,45,123,0,13,10,2016,5,11,2,1,1,3,1,3,SR-5,WHITESTONE RD,10,34.56522500,-84.521652780000,0,12,6,0,2,2,0,1,1,1,0,1,0,0000000,99,99,99,99,99,99,0,0,0,1,0
13,131101,1,1,0,1,1,1,1,313,1510,13,10,2016,5,20,22,1,2,3,1,2,US-41 / SR-3,,177,34.79886944,-84.954588890000,0,8,0,0,1,1,0,1,2,1,0,1,0,0000000,99,98,99,98,88,88,0,0,0,1,0
13,131102,1,1,0,1,1,1,1,51,4910,14,10,2016,6,19,55,1,2,3,1,3,SR-204,,185,31.99394444,-81.129063890000,0,8,0,0,1,1,0,1,3,1,0,1,0,0000000,99,98,99,98,88,88,0,0,0,1,0
13,131103,2,2,0,0,0,5,5,71,3800,14,10,2016,6,23,39,1,2,3,1,2,US-319 / SR-35,,137,31.19017778,-83.762197220000,0,12,6,0,8,1,0,1,2,1,0,1,0,0000000,23,29,23,33,99,99,0,0,0,1,1
13,131104,1,1,0,2,2,1,1,121,5640,14,10,2016,6,23,45,0,2,4,2,4,CR-1385 / BUFFINGGTON RD,,27,33.57930000,-84.512350000000,0,8,0,0,1,1,0,1,2,1,0,1,0,0000000,23,45,23,50,0,40,0,0,0,2,0
13,131105,2,2,0,0,0,4,4,137,0,14,10,2016,6,16,42,0,1,4,1,2,US-441 / SR-385,,73,34.61763056,-83.507386110000,0,12,6,0,1,1,0,1,1,1,0,1,0,0000000,16,56,17,3,17,45,0,0,0,1,0
13,131106,1,1,0,0,0,1,1,283,0,14,10,2016,6,19,15,1,1,1,1,1,I-16,,54,32.43401111,-82.609316670000,0,1,0,0,1,1,0,3,2,1,0,1,0,0000000,99,98,99,98,88,88,0,0,0,1,0
13,131107,1,1,0,0,0,1,1,55,0,15,10,2016,7,15,55,0,1,5,2,4,CR-329 / E ARMUCHEE RD,,180,34.56194167,-85.184330560000,0,42,0,0,1,1,0,4,1,1,0,1,0,0000000,99,99,99,99,88,88,0,0,0,1,1
13,131108,1,1,0,0,0,1,1,69,0,15,10,2016,7,6,36,0,1,7,2,4,CR-152 / SIKES RD,,15,31.55693056,-82.789055560000,0,34,0,0,1,1,0,4,2,1,0,1,0,0000000,6,39,6,45,7,45,0,0,0,1,0
13,131109,1,1,0,1,1,1,1,95,90,15,10,2016,7,18,37,0,2,4,4,6,S MOCK RD,,0,31.55525000,-84.094400000000,0,8,0,0,1,1,0,1,1,1,0,1,0,0000000,99,98,99,98,88,88,0,0,0,1,0
13,131110,1,1,0,0,0,1,1,117,1440,15,10,2016,7,1,31,0,2,4,2,4,CR-85 / BUFORD DAM RD,,99999,34.19498333,-84.132497220000,0,1,0,0,1,1,0,1,2,1,0,1,0,0000000,99,98,99,98,88,88,0,0,0,1,0
13,131111,1,1,0,0,0,1,1,199,0,15,10,2016,7,13,47,0,1,5,1,3,SR-362,,40,33.09723056,-84.672361110000,0,42,0,0,1,1,4,4,1,1,0,1,0,0000000,99,98,99,98,88,88,0,0,0,1,0
13,131112,2,2,0,0,0,2,2,257,0,15,10,2016,7,9,19,0,1,4,1,3,SR-106 / SR-63,NUB GARLAND RD,11,34.48489722,-83.338936110000,0,12,1,0,2,3,0,1,1,10,0,10,0,0000000,99,99,99,99,99,99,0,0,0,1,0
13,131113,1,1,0,0,0,1,1,11,0,16,10,2016,1,2,16,1,1,3,1,2,US-441 / SR-15,,105,34.38316111,-83.483963890000,0,1,0,0,1,1,0,1,2,10,0,10,0,0000000,2,14,2,24,3,25,0,0,0,1,0
13,131114,1,1,0,1,1,1,1,67,3440,16,10,2016,1,20,7,1,2,3,1,2,US-41 / SR-3,,61,33.93790556,-84.513647220000,0,8,0,0,8,1,0,1,3,1,0,1,0,0000000,99,98,99,98,88,88,0,0,0,1,0
13,131115,1,1,0,0,0,1,1,79,0,16,10,2016,1,4,30,0,1,4,1,2,US-341 / SR-7,RACKLY RD,10,32.60015278,-83.939713890000,0,32,0,0,1,1,0,4,2,1,0,1,0,0000000,99,98,99,98,88,88,20,0,0,1,0
13,131116,1,1,0,0,0,2,2,135,3158,16,10,2016,1,19,27,0,2,6,2,4,CR-451 / ARCADO RD,,14,33.88038056,-84.118919440000,0,43,0,0,1,1,0,4,3,1,0,1,0,0000000,19,28,19,35,20,7,0,0,0,1,0
13,131117,2,2,0,0,0,3,3,157,0,16,10,2016,1,13,50,1,2,3,1,2,US-441 / SR-15,OLD US 441,120,34.04984444,-83.406586110000,0,12,6,0,2,2,0,1,1,1,0,1,0,0000000,99,99,99,99,99,99,0,0,0,1,0
13,131118,1,1,0,1,1,2,2,21,3390,31,10,2016,2,21,34,1,2,3,1,2,US-129 /GRAY HWY,,141,32.85449444,-83.618241670000,0,8,0,0,1,1,0,1,3,1,0,1,0,0000000,99,99,99,99,99,99,0,0,0,1,0
13,131119,2,2,0,0,0,3,3,151,0,31,10,2016,2,14,44,1,2,3,1,2,US-23 / SR-42,,196,33.54353056,-84.219069440000,9,12,6,0,8,1,0,1,1,1,0,1,0,0000000,14,42,15,8,15,37,0,0,0,1,0
13,131120,2,2,0,0,0,2,2,63,0,13,9,2016,3,99,99,0,2,4,1,2,US-23 / SR-42,FOREST PKWY,41,33.61309167,-84.305494440000,0,12,6,0,2,2,0,1,1,1,0,1,0,0000000,99,99,99,99,99,99,0,0,0,1,0
13,131121,2,2,0,0,0,4,4,67,0,8,10,2016,7,21,13,0,2,4,1,3,SR-5,ANDERSON MILL RD,42,33.84884444,-84.607891670000,0,12,6,0,2,2,0,1,3,1,0,1,0,0000000,21,13,21,21,22,4,0,0,0,1,0
13,131122,1,1,0,1,1,3,3,89,0,14,8,2016,1,21,40,0,2,4,2,4,CR-MORELAND AVENUE,,10,33.66226389,-84.337527780000,0,8,0,0,1,1,0,1,2,1,0,1,0,0000000,21,44,21,55,22,12,0,0,0,1,0
13,131123,3,3,0,0,0,5,5,21,3390,17,8,2016,4,11,1,0,2,4,1,3,SR-19,ZEBULON ROAD,155,32.88040833,-83.724761110000,0,12,2,0,2,2,0,1,1,1,0,1,0,0000000,99,99,99,99,99,99,0,0,0,1,0
13,131124,1,1,0,0,0,1,1,29,4655,28,8,2016,1,20,44,1,2,1,1,1,I-95/SR-405,,95,31.95674167,-81.332650000000,0,34,0,0,1,1,0,3,2,2,0,2,0,0000000,99,99,99,99,99,99,0,0,0,1,1
13,131125,2,2,0,0,0,2,2,247,0,19,9,2016,2,11,7,0,2,6,2,4,CR-EBENEZER ROAD,,14,33.60564444,-84.047691670000,0,12,6,0,8,1,0,1,1,1,0,1,0,0000000,11,8,11,11,11,59,0,0,0,1,0
13,131126,1,1,0,1,1,1,1,63,2970,30,9,2016,6,5,12,0,2,6,4,6,THOMAS ROAD,,15,33.50560000,-84.406758330000,0,8,0,0,1,1,0,1,2,1,0,1,0,0000000,5,13,5,20,5,56,0,0,0,1,0